kernel,accuracy,precision,sensitivity,specificity,f1Score,aucpr,iteration
Linear,0.796,0.166666666666667,0.005,0.99375,0.00970873786407767,0.292856271170418,1
RBF,0.798,0,0,0.9975,0,0.289526707069847,1
Dirac,0.8,0.5,0.045,0.98875,0.0825688073394495,0.284285646643176,1
k1,0.79,0.361111111111111,0.065,0.97125,0.110169491525424,0.275740113852155,1
m3,0.725,0.299465240641711,0.28,0.83625,0.289405684754522,0.282007145890465,1
Aitchison-Aitken,0.628,0.213333333333333,0.32,0.705,0.256,0.144162628229633,1
Li-Racin,0.64,0.233333333333333,0.35,0.7125,0.28,0.133470984086326,1
Wang-Ryzin,0.636,0.226666666666667,0.34,0.71,0.272,0.134632519352561,1
Ordered Aitchison-Aitken,0.644,0.24,0.36,0.715,0.288,0.132579193769432,1
Ordered Li-Racin,0.62,0.2,0.3,0.7,0.24,0.138790471276115,1
Linear,0.796,0.166666666666667,0.005,0.99375,0.00970873786407767,0.292856271170418,2
RBF,0.798,0,0,0.9975,0,0.289526707069847,2
Dirac,0.8,0.5,0.045,0.98875,0.0825688073394495,0.284285646643176,2
k1,0.79,0.361111111111111,0.065,0.97125,0.110169491525424,0.275740113852155,2
m3,0.725,0.299465240641711,0.28,0.83625,0.289405684754522,0.282007145890465,2
Aitchison-Aitken,0.628,0.213333333333333,0.32,0.705,0.256,0.144162628229633,2
Li-Racin,0.64,0.233333333333333,0.35,0.7125,0.28,0.133470984086326,2
Wang-Ryzin,0.636,0.226666666666667,0.34,0.71,0.272,0.134632519352561,2
Ordered Aitchison-Aitken,0.644,0.24,0.36,0.715,0.288,0.132579193769432,2
Ordered Li-Racin,0.62,0.2,0.3,0.7,0.24,0.138790471276115,2
Linear,0.797,0.333333333333333,0.015,0.9925,0.0287081339712919,0.263640639211389,3
RBF,0.798,0.333333333333333,0.01,0.995,0.0194174757281553,0.278720189300843,3
Dirac,0.791,0.304347826086957,0.035,0.98,0.062780269058296,0.266461938064179,3
k1,0.787,0.314285714285714,0.055,0.97,0.0936170212765957,0.26808427393139,3
m3,0.739,0.274074074074074,0.185,0.8775,0.22089552238806,0.269068821967815,3
Aitchison-Aitken,0.604,0.173333333333333,0.26,0.69,0.208,0.139985230641506,3
Li-Racin,0.636,0.226666666666667,0.34,0.71,0.272,0.131287164572801,3
Wang-Ryzin,0.604,0.173333333333333,0.26,0.69,0.208,0.142128234644259,3
Ordered Aitchison-Aitken,0.594,0.156666666666667,0.235,0.68375,0.188,0.137049753027146,3
Ordered Li-Racin,0.636,0.226666666666667,0.34,0.71,0.272,0.135723235546139,3
Linear,0.796,0.166666666666667,0.005,0.99375,0.00970873786407767,0.313715028414611,4
RBF,0.8,NaN,0,1,0,0.325071783044587,4
Dirac,0.794,0.285714285714286,0.02,0.9875,0.0373831775700935,0.27926891788078,4
k1,0.786,0.266666666666667,0.04,0.9725,0.0695652173913043,0.277748012645592,4
m3,0.748,0.324324324324324,0.24,0.875,0.275862068965517,0.28545599131707,4
Aitchison-Aitken,0.636,0.226666666666667,0.34,0.71,0.272,0.135283696508522,4
Li-Racin,0.628,0.213333333333333,0.32,0.705,0.256,0.140941565910049,4
Wang-Ryzin,0.62,0.2,0.3,0.7,0.24,0.136165609579701,4
Ordered Aitchison-Aitken,0.612,0.186666666666667,0.28,0.695,0.224,0.141023352217727,4
Ordered Li-Racin,0.638,0.23,0.345,0.71125,0.276,0.136526453954387,4
Linear,0.8,0.5,0.015,0.99625,0.029126213592233,0.252336549140619,5
RBF,0.802,0.75,0.015,0.99875,0.0294117647058824,0.265274723789007,5
Dirac,0.799,0.444444444444444,0.02,0.99375,0.0382775119617225,0.266248015020647,5
k1,0.798,0.4,0.02,0.9925,0.0380952380952381,0.261041536466647,5
m3,0.785,0.297297297297297,0.055,0.9675,0.0928270042194093,0.246590490167061,5
Aitchison-Aitken,0.614,0.19,0.285,0.69625,0.228,0.139349438472422,5
Li-Racin,0.614,0.19,0.285,0.69625,0.228,0.146288761904724,5
Wang-Ryzin,0.63,0.216666666666667,0.325,0.70625,0.26,0.138150863197688,5
Ordered Aitchison-Aitken,0.634,0.223333333333333,0.335,0.70875,0.268,0.141223753360134,5
Ordered Li-Racin,0.646,0.243333333333333,0.365,0.71625,0.292,0.140206511882732,5
Linear,0.802,0.75,0.015,0.99875,0.0294117647058824,0.343992834604497,6
RBF,0.802,0.75,0.015,0.99875,0.0294117647058824,0.341597850536745,6
Dirac,0.806,0.607142857142857,0.085,0.98625,0.149122807017544,0.342184825574613,6
k1,0.707,0.325842696629214,0.435,0.775,0.372591006423983,0.354867607414974,6
m3,0.81,0.604166666666667,0.145,0.97625,0.233870967741935,0.344236308410002,6
Aitchison-Aitken,0.649,0.252459016393443,0.385,0.715,0.304950495049505,0.125322144123664,6
Li-Racin,0.616,0.193333333333333,0.29,0.6975,0.232,0.143599684269569,6
Wang-Ryzin,0.624,0.206666666666667,0.31,0.7025,0.248,0.135071153699186,6
Ordered Aitchison-Aitken,0.632,0.22,0.33,0.7075,0.264,0.13890725604955,6
Ordered Li-Racin,0.646,0.243333333333333,0.365,0.71625,0.292,0.142689337265888,6
Linear,0.8,0.5,0.005,0.99875,0.0099009900990099,0.350234505434953,7
RBF,0.801,1,0.005,1,0.00995024875621891,0.372203826670623,7
Dirac,0.792,0.366666666666667,0.055,0.97625,0.0956521739130435,0.332538216068137,7
k1,0.794,0.425,0.085,0.97125,0.141666666666667,0.330583337757229,7
m3,0.794,0.455882352941176,0.155,0.95375,0.23134328358209,0.322644065915843,7
Aitchison-Aitken,0.65,0.25,0.375,0.71875,0.3,0.134989711692873,7
Li-Racin,0.608,0.18,0.27,0.6925,0.216,0.143794002781554,7
Wang-Ryzin,0.616,0.193333333333333,0.29,0.6975,0.232,0.136974841882544,7
Ordered Aitchison-Aitken,0.622,0.203333333333333,0.305,0.70125,0.244,0.137859174051285,7
Ordered Li-Racin,0.63,0.216666666666667,0.325,0.70625,0.26,0.141753890420711,7
Linear,0.801,1,0.005,1,0.00995024875621891,0.309205357227381,8
RBF,0.801,1,0.005,1,0.00995024875621891,0.325096769851063,8
Dirac,0.804,0.571428571428571,0.08,0.985,0.140350877192982,0.331826636564782,8
k1,0.79,0.386363636363636,0.085,0.96625,0.139344262295082,0.324275044900326,8
m3,0.79,0.428571428571429,0.15,0.95,0.222222222222222,0.348976265665759,8
Aitchison-Aitken,0.606,0.176666666666667,0.265,0.69125,0.212,0.150163145672955,8
Li-Racin,0.622,0.203333333333333,0.305,0.70125,0.244,0.139432189013578,8
Wang-Ryzin,0.61,0.183333333333333,0.275,0.69375,0.22,0.139619537627102,8
Ordered Aitchison-Aitken,0.8,NaN,0,1,0,0.138962327907184,8
Ordered Li-Racin,0.616,0.193333333333333,0.29,0.6975,0.232,0.137835991372962,8
Linear,0.801,0.571428571428571,0.02,0.99625,0.0386473429951691,0.288359262564832,9
RBF,0.802,0.666666666666667,0.02,0.9975,0.0388349514563107,0.279949640962225,9
Dirac,0.787,0.324324324324324,0.06,0.96875,0.10126582278481,0.260124037657274,9
k1,0.767,0.246153846153846,0.08,0.93875,0.120754716981132,0.264227343263091,9
m3,0.766,0.276315789473684,0.105,0.93125,0.152173913043478,0.265979699467092,9
Aitchison-Aitken,0.608,0.18,0.27,0.6925,0.216,0.139186699740847,9
Li-Racin,0.658,0.263333333333333,0.395,0.72375,0.316,0.134042675693467,9
Wang-Ryzin,0.64,0.233333333333333,0.35,0.7125,0.28,0.135378298069694,9
Ordered Aitchison-Aitken,0.614,0.19,0.285,0.69625,0.228,0.139976398597041,9
Ordered Li-Racin,0.606,0.176666666666667,0.265,0.69125,0.212,0.14614902099478,9
Linear,0.799,0.4,0.01,0.99625,0.0195121951219512,0.255708395036447,10
RBF,0.801,0.666666666666667,0.01,0.99875,0.0197044334975369,0.272483223080992,10
Dirac,0.788,0.2,0.02,0.98,0.0363636363636364,0.248049895119244,10
k1,0.786,0.181818181818182,0.02,0.9775,0.036036036036036,0.246273569837878,10
m3,0.759,0.219178082191781,0.08,0.92875,0.117216117216117,0.234323462758087,10
Aitchison-Aitken,0.604,0.173333333333333,0.26,0.69,0.208,0.14189130562032,10
Li-Racin,0.62,0.2,0.3,0.7,0.24,0.134591470881048,10
Wang-Ryzin,0.606,0.176666666666667,0.265,0.69125,0.212,0.139903503459104,10
Ordered Aitchison-Aitken,0.648,0.246666666666667,0.37,0.7175,0.296,0.132693017741785,10
Ordered Li-Racin,0.616,0.193333333333333,0.29,0.6975,0.232,0.135872807539648,10
Linear,0.8,0.5,0.01,0.9975,0.0196078431372549,0.277254867767373,11
RBF,0.8,0.5,0.01,0.9975,0.0196078431372549,0.2742280799221,11
Dirac,0.799,0.461538461538462,0.03,0.99125,0.0563380281690141,0.266024104183872,11
k1,0.787,0.341463414634146,0.07,0.96625,0.116182572614108,0.266358875516188,11
m3,0.781,0.338983050847458,0.1,0.95125,0.154440154440154,0.28063680662538,11
Aitchison-Aitken,0.614,0.19,0.285,0.69625,0.228,0.139204469724173,11
Li-Racin,0.626,0.21,0.315,0.70375,0.252,0.135344404928678,11
Wang-Ryzin,0.618,0.196666666666667,0.295,0.69875,0.236,0.142507018734875,11
Ordered Aitchison-Aitken,0.624,0.206666666666667,0.31,0.7025,0.248,0.142013933548283,11
Ordered Li-Racin,0.624,0.206666666666667,0.31,0.7025,0.248,0.133269522500551,11
Linear,0.8,NaN,0,1,0,0.305774016152682,12
RBF,0.796,0.166666666666667,0.005,0.99375,0.00970873786407767,0.279551818613753,12
Dirac,0.791,0.285714285714286,0.03,0.98125,0.0542986425339367,0.286786424794021,12
k1,0.793,0.379310344827586,0.055,0.9775,0.0960698689956332,0.29446770507207,12
m3,0.793,0.436363636363636,0.12,0.96125,0.188235294117647,0.302961800663098,12
Aitchison-Aitken,0.608,0.18,0.27,0.6925,0.216,0.145407047109899,12
Li-Racin,0.616,0.193333333333333,0.29,0.6975,0.232,0.13785033726642,12
Wang-Ryzin,0.62,0.2,0.3,0.7,0.24,0.144027009423727,12
Ordered Aitchison-Aitken,0.62,0.2,0.3,0.7,0.24,0.148835837939495,12
Ordered Li-Racin,0.62,0.2,0.3,0.7,0.24,0.148658305161391,12
Linear,0.801,1,0.005,1,0.00995024875621891,0.323716618463143,13
RBF,0.802,0.75,0.015,0.99875,0.0294117647058824,0.348763551612355,13
Dirac,0.793,0.230769230769231,0.015,0.9875,0.028169014084507,0.305159157283292,13
k1,0.795,0.424242424242424,0.07,0.97625,0.120171673819742,0.301341542150989,13
m3,0.79,0.368421052631579,0.07,0.97,0.117647058823529,0.288415760255374,13
Aitchison-Aitken,0.61,0.1875,0.285,0.69125,0.226190476190476,0.139115581594945,13
Li-Racin,0.614,0.19,0.285,0.69625,0.228,0.143488206609872,13
Wang-Ryzin,0.618,0.196666666666667,0.295,0.69875,0.236,0.132978437941897,13
Ordered Aitchison-Aitken,0.648,0.246666666666667,0.37,0.7175,0.296,0.14061708501993,13
Ordered Li-Racin,0.646,0.243333333333333,0.365,0.71625,0.292,0.143667081989845,13
Linear,0.799,0,0,0.99875,0,0.27272601100573,14
RBF,0.799,0.333333333333333,0.005,0.9975,0.00985221674876847,0.280717057649198,14
Dirac,0.8,0.5,0.02,0.995,0.0384615384615385,0.279849520078396,14
k1,0.788,0.227272727272727,0.025,0.97875,0.045045045045045,0.283477044793176,14
m3,0.754,0.283018867924528,0.15,0.905,0.196078431372549,0.270821807252407,14
Aitchison-Aitken,0.612,0.186666666666667,0.28,0.695,0.224,0.145711952006867,14
Li-Racin,0.606,0.176666666666667,0.265,0.69125,0.212,0.14391235533721,14
Wang-Ryzin,0.618,0.196666666666667,0.295,0.69875,0.236,0.137600628128982,14
Ordered Aitchison-Aitken,0.644,0.24,0.36,0.715,0.288,0.139696495760401,14
Ordered Li-Racin,0.618,0.196666666666667,0.295,0.69875,0.236,0.140701273259453,14
Linear,0.801,0.6,0.015,0.9975,0.0292682926829268,0.32288663743705,15
RBF,0.801,1,0.005,1,0.00995024875621891,0.326826893087874,15
Dirac,0.8,0.5,0.055,0.98625,0.0990990990990991,0.337738230723681,15
k1,0.801,0.517241379310345,0.075,0.9825,0.131004366812227,0.3302145096778,15
m3,0.794,0.442307692307692,0.115,0.96375,0.182539682539683,0.331361859644681,15
Aitchison-Aitken,0.632,0.22,0.33,0.7075,0.264,0.143480527936,15
Li-Racin,0.61,0.183333333333333,0.275,0.69375,0.22,0.139428188555765,15
Wang-Ryzin,0.624,0.206666666666667,0.31,0.7025,0.248,0.138196288483194,15
Ordered Aitchison-Aitken,0.624,0.206666666666667,0.31,0.7025,0.248,0.135729145564741,15
Ordered Li-Racin,0.634,0.223333333333333,0.335,0.70875,0.268,0.141709535649758,15
Linear,0.801,0.571428571428571,0.02,0.99625,0.0386473429951691,0.302793201522751,16
RBF,0.801,0.6,0.015,0.9975,0.0292682926829268,0.30126853360999,16
Dirac,0.797,0.451612903225806,0.07,0.97875,0.121212121212121,0.308484103048111,16
k1,0.798,0.475,0.095,0.97375,0.158333333333333,0.316625113689433,16
m3,0.794,0.442307692307692,0.115,0.96375,0.182539682539683,0.318762014033098,16
Aitchison-Aitken,0.652,0.253333333333333,0.38,0.72,0.304,0.134099136055099,16
Li-Racin,0.634,0.223333333333333,0.335,0.70875,0.268,0.138060513904147,16
Wang-Ryzin,0.598,0.163333333333333,0.245,0.68625,0.196,0.139482282529719,16
Ordered Aitchison-Aitken,0.614,0.19,0.285,0.69625,0.228,0.136426938682136,16
Ordered Li-Racin,0.632,0.22,0.33,0.7075,0.264,0.139470002055774,16
Linear,0.799,0.4,0.01,0.99625,0.0195121951219512,0.269991041945273,17
RBF,0.802,1,0.01,1,0.0198019801980198,0.29501618766221,17
Dirac,0.794,0.375,0.045,0.98125,0.0803571428571429,0.295844326958425,17
k1,0.779,0.255813953488372,0.055,0.96,0.0905349794238683,0.279618463275412,17
m3,0.763,0.25974025974026,0.1,0.92875,0.144404332129964,0.274303077615512,17
Aitchison-Aitken,0.648,0.246666666666667,0.37,0.7175,0.296,0.136219533188479,17
Li-Racin,0.602,0.17,0.255,0.68875,0.204,0.141034043848608,17
Wang-Ryzin,0.632,0.22,0.33,0.7075,0.264,0.137349884763633,17
Ordered Aitchison-Aitken,0.632,0.22,0.33,0.7075,0.264,0.134009839678123,17
Ordered Li-Racin,0.632,0.22,0.33,0.7075,0.264,0.140509788905314,17
Linear,0.799,0.333333333333333,0.005,0.9975,0.00985221674876847,0.276710200979689,18
RBF,0.8,0.5,0.01,0.9975,0.0196078431372549,0.264328014008738,18
Dirac,0.793,0.230769230769231,0.015,0.9875,0.028169014084507,0.246259205487237,18
k1,0.792,0.3,0.03,0.9825,0.0545454545454545,0.262242856669918,18
m3,0.79,0.291666666666667,0.035,0.97875,0.0625,0.267009625084259,18
Aitchison-Aitken,0.594,0.156666666666667,0.235,0.68375,0.188,0.140083077261692,18
Li-Racin,0.614,0.19,0.285,0.69625,0.228,0.142740573063866,18
Wang-Ryzin,0.638,0.23,0.345,0.71125,0.276,0.135468769016619,18
Ordered Aitchison-Aitken,0.636,0.226666666666667,0.34,0.71,0.272,0.13946280466579,18
Ordered Li-Racin,0.584,0.14,0.21,0.6775,0.168,0.146057383593769,18
Linear,0.799,0,0,0.99875,0,0.327892696888079,19
RBF,0.8,0.5,0.01,0.9975,0.0196078431372549,0.303465209158953,19
Dirac,0.798,0.45,0.045,0.98625,0.0818181818181818,0.285975607059634,19
k1,0.794,0.4,0.06,0.9775,0.104347826086957,0.289254279443586,19
m3,0.77,0.317073170731707,0.13,0.93,0.184397163120567,0.284921218772561,19
Aitchison-Aitken,0.63,0.216666666666667,0.325,0.70625,0.26,0.138771965622971,19
Li-Racin,0.61,0.183333333333333,0.275,0.69375,0.22,0.140176379506804,19
Wang-Ryzin,0.616,0.193333333333333,0.29,0.6975,0.232,0.138018778900536,19
Ordered Aitchison-Aitken,0.644,0.24,0.36,0.715,0.288,0.135813078207326,19
Ordered Li-Racin,0.616,0.193333333333333,0.29,0.6975,0.232,0.145358048873663,19
Linear,0.801,0.6,0.015,0.9975,0.0292682926829268,0.337848081150852,20
RBF,0.8,0.5,0.005,0.99875,0.0099009900990099,0.325104507284534,20
Dirac,0.797,0.44,0.055,0.9825,0.0977777777777778,0.299615898774885,20
k1,0.785,0.346938775510204,0.085,0.96,0.136546184738956,0.296264486359754,20
m3,0.786,0.375,0.105,0.95625,0.1640625,0.301099409952545,20
Aitchison-Aitken,0.8,NaN,0,1,0,0.146290935400008,20
Li-Racin,0.64,0.233333333333333,0.35,0.7125,0.28,0.133232177991241,20
Wang-Ryzin,0.646,0.243333333333333,0.365,0.71625,0.292,0.135643918322949,20
Ordered Aitchison-Aitken,0.618,0.196666666666667,0.295,0.69875,0.236,0.140811397220088,20
Ordered Li-Racin,0.612,0.186666666666667,0.28,0.695,0.224,0.140834376208893,20
Linear,0.8,0.5,0.01,0.9975,0.0196078431372549,0.337682242489849,21
RBF,0.798,0.333333333333333,0.01,0.995,0.0194174757281553,0.322056538523782,21
Dirac,0.799,0.478260869565217,0.055,0.985,0.0986547085201794,0.326954785955021,21
k1,0.803,0.540540540540541,0.1,0.97875,0.168776371308017,0.323557192233869,21
m3,0.777,0.39047619047619,0.205,0.92,0.268852459016393,0.330941232541316,21
Aitchison-Aitken,0.6,0.166666666666667,0.25,0.6875,0.2,0.13615943030597,21
Li-Racin,0.62,0.2,0.3,0.7,0.24,0.138525905486114,21
Wang-Ryzin,0.616,0.193333333333333,0.29,0.6975,0.232,0.135219179898905,21
Ordered Aitchison-Aitken,0.626,0.21,0.315,0.70375,0.252,0.137892700841401,21
Ordered Li-Racin,0.628,0.213333333333333,0.32,0.705,0.256,0.13864969469162,21
Linear,0.801,0.555555555555556,0.025,0.995,0.0478468899521531,0.354486900807963,22
RBF,0.801,0.666666666666667,0.01,0.99875,0.0197044334975369,0.352851251710348,22
Dirac,0.8,0.5,0.04,0.99,0.0740740740740741,0.330242308400413,22
k1,0.8,0.5,0.1,0.975,0.166666666666667,0.347450670112854,22
m3,0.712,0.325396825396825,0.41,0.7875,0.36283185840708,0.322161397693346,22
Aitchison-Aitken,0.606,0.176666666666667,0.265,0.69125,0.212,0.140397685470145,22
Li-Racin,0.622,0.203333333333333,0.305,0.70125,0.244,0.138733089012822,22
Wang-Ryzin,0.61,0.183333333333333,0.275,0.69375,0.22,0.142420126746424,22
Ordered Aitchison-Aitken,0.618,0.196666666666667,0.295,0.69875,0.236,0.1401427415162,22
Ordered Li-Racin,0.604,0.173333333333333,0.26,0.69,0.208,0.149003432758289,22
Linear,0.8,0.5,0.015,0.99625,0.029126213592233,0.337554444713934,23
RBF,0.801,0.6,0.015,0.9975,0.0292682926829268,0.314191765484465,23
Dirac,0.798,0.466666666666667,0.07,0.98,0.121739130434783,0.299595859546269,23
k1,0.796,0.433333333333333,0.065,0.97875,0.11304347826087,0.284779641137263,23
m3,0.79,0.416666666666667,0.125,0.95625,0.192307692307692,0.288823229147816,23
Aitchison-Aitken,0.604,0.173333333333333,0.26,0.69,0.208,0.139610184212513,23
Li-Racin,0.598,0.163333333333333,0.245,0.68625,0.196,0.137192132422375,23
Wang-Ryzin,0.634,0.223333333333333,0.335,0.70875,0.268,0.130094651423547,23
Ordered Aitchison-Aitken,0.636,0.226666666666667,0.34,0.71,0.272,0.130620330648233,23
Ordered Li-Racin,0.636,0.226666666666667,0.34,0.71,0.272,0.145152657659878,23
Linear,0.797,0.2,0.005,0.995,0.00975609756097561,0.281811768970917,24
RBF,0.797,0.285714285714286,0.01,0.99375,0.0193236714975845,0.32388679334249,24
Dirac,0.794,0.425,0.085,0.97125,0.141666666666667,0.301763418929481,24
k1,0.788,0.369565217391304,0.085,0.96375,0.138211382113821,0.295550294811619,24
m3,0.795,0.454545454545455,0.125,0.9625,0.196078431372549,0.294820478009802,24
Aitchison-Aitken,0.626,0.21,0.315,0.70375,0.252,0.134618854829934,24
Li-Racin,0.622,0.203333333333333,0.305,0.70125,0.244,0.134944166564594,24
Wang-Ryzin,0.8,NaN,0,1,0,0.144841979465609,24
Ordered Aitchison-Aitken,0.604,0.173333333333333,0.26,0.69,0.208,0.141303842876501,24
Ordered Li-Racin,0.592,0.153333333333333,0.23,0.6825,0.184,0.137453773812574,24
Linear,0.8,0.5,0.005,0.99875,0.0099009900990099,0.292502356977812,25
RBF,0.801,0.666666666666667,0.01,0.99875,0.0197044334975369,0.293415056726062,25
Dirac,0.797,0.384615384615385,0.025,0.99,0.0469483568075117,0.29168578606916,25
k1,0.795,0.272727272727273,0.015,0.99,0.028436018957346,0.29936262498543,25
m3,0.792,0.346153846153846,0.045,0.97875,0.079646017699115,0.295518783325901,25
Aitchison-Aitken,0.634,0.223333333333333,0.335,0.70875,0.268,0.135303898946955,25
Li-Racin,0.636,0.226666666666667,0.34,0.71,0.272,0.135884581090796,25
Wang-Ryzin,0.636,0.226666666666667,0.34,0.71,0.272,0.127264131260304,25
Ordered Aitchison-Aitken,0.608,0.18,0.27,0.6925,0.216,0.14484103389024,25
Ordered Li-Racin,0.634,0.223333333333333,0.335,0.70875,0.268,0.144663426532212,25
Linear,0.8,0.5,0.005,0.99875,0.0099009900990099,0.295920521514342,26
RBF,0.8,0.5,0.01,0.9975,0.0196078431372549,0.339379677409053,26
Dirac,0.796,0.375,0.03,0.9875,0.0555555555555556,0.335474941891219,26
k1,0.794,0.428571428571429,0.09,0.97,0.148760330578512,0.331064466929971,26
m3,0.709,0.335740072202166,0.465,0.77,0.389937106918239,0.314318071787312,26
Aitchison-Aitken,0.612,0.186666666666667,0.28,0.695,0.224,0.138774426511175,26
Li-Racin,0.596,0.16,0.24,0.685,0.192,0.139319235716492,26
Wang-Ryzin,0.638,0.23,0.345,0.71125,0.276,0.138411367783917,26
Ordered Aitchison-Aitken,0.602,0.17,0.255,0.68875,0.204,0.140054103731093,26
Ordered Li-Racin,0.62,0.2,0.3,0.7,0.24,0.139930105190132,26
Linear,0.796,0.166666666666667,0.005,0.99375,0.00970873786407767,0.292856271170418,27
RBF,0.798,0,0,0.9975,0,0.289526707069847,27
Dirac,0.8,0.5,0.045,0.98875,0.0825688073394495,0.284285646643176,27
k1,0.79,0.361111111111111,0.065,0.97125,0.110169491525424,0.275740113852155,27
m3,0.725,0.299465240641711,0.28,0.83625,0.289405684754522,0.282007145890465,27
Aitchison-Aitken,0.628,0.213333333333333,0.32,0.705,0.256,0.144162628229633,27
Li-Racin,0.64,0.233333333333333,0.35,0.7125,0.28,0.133470984086326,27
Wang-Ryzin,0.636,0.226666666666667,0.34,0.71,0.272,0.134632519352561,27
Ordered Aitchison-Aitken,0.644,0.24,0.36,0.715,0.288,0.132579193769432,27
Ordered Li-Racin,0.62,0.2,0.3,0.7,0.24,0.138790471276115,27
Linear,0.797,0.333333333333333,0.015,0.9925,0.0287081339712919,0.263640639211389,28
RBF,0.798,0.333333333333333,0.01,0.995,0.0194174757281553,0.278720189300843,28
Dirac,0.791,0.304347826086957,0.035,0.98,0.062780269058296,0.266461938064179,28
k1,0.787,0.314285714285714,0.055,0.97,0.0936170212765957,0.26808427393139,28
m3,0.739,0.274074074074074,0.185,0.8775,0.22089552238806,0.269068821967815,28
Aitchison-Aitken,0.604,0.173333333333333,0.26,0.69,0.208,0.139985230641506,28
Li-Racin,0.636,0.226666666666667,0.34,0.71,0.272,0.131287164572801,28
Wang-Ryzin,0.604,0.173333333333333,0.26,0.69,0.208,0.142128234644259,28
Ordered Aitchison-Aitken,0.594,0.156666666666667,0.235,0.68375,0.188,0.137049753027146,28
Ordered Li-Racin,0.636,0.226666666666667,0.34,0.71,0.272,0.135723235546139,28
Linear,0.796,0.166666666666667,0.005,0.99375,0.00970873786407767,0.313715028414611,29
RBF,0.8,NaN,0,1,0,0.325071783044587,29
Dirac,0.794,0.285714285714286,0.02,0.9875,0.0373831775700935,0.27926891788078,29
k1,0.786,0.266666666666667,0.04,0.9725,0.0695652173913043,0.277748012645592,29
m3,0.748,0.324324324324324,0.24,0.875,0.275862068965517,0.28545599131707,29
Aitchison-Aitken,0.636,0.226666666666667,0.34,0.71,0.272,0.135283696508522,29
Li-Racin,0.628,0.213333333333333,0.32,0.705,0.256,0.140941565910049,29
Wang-Ryzin,0.62,0.2,0.3,0.7,0.24,0.136165609579701,29
Ordered Aitchison-Aitken,0.612,0.186666666666667,0.28,0.695,0.224,0.141023352217727,29
Ordered Li-Racin,0.638,0.23,0.345,0.71125,0.276,0.136526453954387,29
Linear,0.796,0.166666666666667,0.005,0.99375,0.00970873786407767,0.292856271170418,30
RBF,0.798,0,0,0.9975,0,0.289526707069847,30
Dirac,0.8,0.5,0.045,0.98875,0.0825688073394495,0.284285646643176,30
k1,0.79,0.361111111111111,0.065,0.97125,0.110169491525424,0.275740113852155,30
m3,0.725,0.299465240641711,0.28,0.83625,0.289405684754522,0.282007145890465,30
Aitchison-Aitken,0.628,0.213333333333333,0.32,0.705,0.256,0.144162628229633,30
Li-Racin,0.64,0.233333333333333,0.35,0.7125,0.28,0.133470984086326,30
Wang-Ryzin,0.636,0.226666666666667,0.34,0.71,0.272,0.134632519352561,30
Ordered Aitchison-Aitken,0.644,0.24,0.36,0.715,0.288,0.132579193769432,30
Ordered Li-Racin,0.62,0.2,0.3,0.7,0.24,0.138790471276115,30
Linear,0.797,0.333333333333333,0.015,0.9925,0.0287081339712919,0.263640639211389,31
RBF,0.798,0.333333333333333,0.01,0.995,0.0194174757281553,0.278720189300843,31
Dirac,0.791,0.304347826086957,0.035,0.98,0.062780269058296,0.266461938064179,31
k1,0.787,0.314285714285714,0.055,0.97,0.0936170212765957,0.26808427393139,31
m3,0.739,0.274074074074074,0.185,0.8775,0.22089552238806,0.269068821967815,31
Aitchison-Aitken,0.604,0.173333333333333,0.26,0.69,0.208,0.139985230641506,31
Li-Racin,0.636,0.226666666666667,0.34,0.71,0.272,0.131287164572801,31
Wang-Ryzin,0.604,0.173333333333333,0.26,0.69,0.208,0.142128234644259,31
Ordered Aitchison-Aitken,0.594,0.156666666666667,0.235,0.68375,0.188,0.137049753027146,31
Ordered Li-Racin,0.636,0.226666666666667,0.34,0.71,0.272,0.135723235546139,31
Linear,0.796,0.166666666666667,0.005,0.99375,0.00970873786407767,0.313715028414611,32
RBF,0.8,NaN,0,1,0,0.325071783044587,32
Dirac,0.794,0.285714285714286,0.02,0.9875,0.0373831775700935,0.27926891788078,32
k1,0.786,0.266666666666667,0.04,0.9725,0.0695652173913043,0.277748012645592,32
m3,0.748,0.324324324324324,0.24,0.875,0.275862068965517,0.28545599131707,32
Aitchison-Aitken,0.636,0.226666666666667,0.34,0.71,0.272,0.135283696508522,32
Li-Racin,0.628,0.213333333333333,0.32,0.705,0.256,0.140941565910049,32
Wang-Ryzin,0.62,0.2,0.3,0.7,0.24,0.136165609579701,32
Ordered Aitchison-Aitken,0.612,0.186666666666667,0.28,0.695,0.224,0.141023352217727,32
Ordered Li-Racin,0.638,0.23,0.345,0.71125,0.276,0.136526453954387,32
Linear,0.8,0.5,0.015,0.99625,0.029126213592233,0.252336549140619,33
RBF,0.802,0.75,0.015,0.99875,0.0294117647058824,0.265274723789007,33
Dirac,0.799,0.444444444444444,0.02,0.99375,0.0382775119617225,0.266248015020647,33
k1,0.798,0.4,0.02,0.9925,0.0380952380952381,0.261041536466647,33
m3,0.785,0.297297297297297,0.055,0.9675,0.0928270042194093,0.246590490167061,33
Aitchison-Aitken,0.614,0.19,0.285,0.69625,0.228,0.139349438472422,33
Li-Racin,0.614,0.19,0.285,0.69625,0.228,0.146288761904724,33
Wang-Ryzin,0.63,0.216666666666667,0.325,0.70625,0.26,0.138150863197688,33
Ordered Aitchison-Aitken,0.634,0.223333333333333,0.335,0.70875,0.268,0.141223753360134,33
Ordered Li-Racin,0.646,0.243333333333333,0.365,0.71625,0.292,0.140206511882732,33
Linear,0.802,0.75,0.015,0.99875,0.0294117647058824,0.343992834604497,34
RBF,0.802,0.75,0.015,0.99875,0.0294117647058824,0.341597850536745,34
Dirac,0.806,0.607142857142857,0.085,0.98625,0.149122807017544,0.342184825574613,34
k1,0.707,0.325842696629214,0.435,0.775,0.372591006423983,0.354867607414974,34
m3,0.81,0.604166666666667,0.145,0.97625,0.233870967741935,0.344236308410002,34
Aitchison-Aitken,0.649,0.252459016393443,0.385,0.715,0.304950495049505,0.125322144123664,34
Li-Racin,0.616,0.193333333333333,0.29,0.6975,0.232,0.143599684269569,34
Wang-Ryzin,0.624,0.206666666666667,0.31,0.7025,0.248,0.135071153699186,34
Ordered Aitchison-Aitken,0.632,0.22,0.33,0.7075,0.264,0.13890725604955,34
Ordered Li-Racin,0.646,0.243333333333333,0.365,0.71625,0.292,0.142689337265888,34
Linear,0.8,0.5,0.005,0.99875,0.0099009900990099,0.350234505434953,35
RBF,0.801,1,0.005,1,0.00995024875621891,0.372203826670623,35
Dirac,0.792,0.366666666666667,0.055,0.97625,0.0956521739130435,0.332538216068137,35
k1,0.794,0.425,0.085,0.97125,0.141666666666667,0.330583337757229,35
m3,0.794,0.455882352941176,0.155,0.95375,0.23134328358209,0.322644065915843,35
Aitchison-Aitken,0.65,0.25,0.375,0.71875,0.3,0.134989711692873,35
Li-Racin,0.608,0.18,0.27,0.6925,0.216,0.143794002781554,35
Wang-Ryzin,0.616,0.193333333333333,0.29,0.6975,0.232,0.136974841882544,35
Ordered Aitchison-Aitken,0.622,0.203333333333333,0.305,0.70125,0.244,0.137859174051285,35
Ordered Li-Racin,0.63,0.216666666666667,0.325,0.70625,0.26,0.141753890420711,35
Linear,0.801,1,0.005,1,0.00995024875621891,0.309205357227381,36
RBF,0.801,1,0.005,1,0.00995024875621891,0.325096769851063,36
Dirac,0.804,0.571428571428571,0.08,0.985,0.140350877192982,0.331826636564782,36
k1,0.79,0.386363636363636,0.085,0.96625,0.139344262295082,0.324275044900326,36
m3,0.79,0.428571428571429,0.15,0.95,0.222222222222222,0.348976265665759,36
Aitchison-Aitken,0.606,0.176666666666667,0.265,0.69125,0.212,0.150163145672955,36
Li-Racin,0.622,0.203333333333333,0.305,0.70125,0.244,0.139432189013578,36
Wang-Ryzin,0.61,0.183333333333333,0.275,0.69375,0.22,0.139619537627102,36
Ordered Aitchison-Aitken,0.8,NaN,0,1,0,0.138962327907184,36
Ordered Li-Racin,0.616,0.193333333333333,0.29,0.6975,0.232,0.137835991372962,36
Linear,0.801,0.571428571428571,0.02,0.99625,0.0386473429951691,0.288359262564832,37
RBF,0.802,0.666666666666667,0.02,0.9975,0.0388349514563107,0.279949640962225,37
Dirac,0.787,0.324324324324324,0.06,0.96875,0.10126582278481,0.260124037657274,37
k1,0.767,0.246153846153846,0.08,0.93875,0.120754716981132,0.264227343263091,37
m3,0.766,0.276315789473684,0.105,0.93125,0.152173913043478,0.265979699467092,37
Aitchison-Aitken,0.608,0.18,0.27,0.6925,0.216,0.139186699740847,37
Li-Racin,0.658,0.263333333333333,0.395,0.72375,0.316,0.134042675693467,37
Wang-Ryzin,0.64,0.233333333333333,0.35,0.7125,0.28,0.135378298069694,37
Ordered Aitchison-Aitken,0.614,0.19,0.285,0.69625,0.228,0.139976398597041,37
Ordered Li-Racin,0.606,0.176666666666667,0.265,0.69125,0.212,0.14614902099478,37
Linear,0.799,0.4,0.01,0.99625,0.0195121951219512,0.255708395036447,38
RBF,0.801,0.666666666666667,0.01,0.99875,0.0197044334975369,0.272483223080992,38
Dirac,0.788,0.2,0.02,0.98,0.0363636363636364,0.248049895119244,38
k1,0.786,0.181818181818182,0.02,0.9775,0.036036036036036,0.246273569837878,38
m3,0.759,0.219178082191781,0.08,0.92875,0.117216117216117,0.234323462758087,38
Aitchison-Aitken,0.604,0.173333333333333,0.26,0.69,0.208,0.14189130562032,38
Li-Racin,0.62,0.2,0.3,0.7,0.24,0.134591470881048,38
Wang-Ryzin,0.606,0.176666666666667,0.265,0.69125,0.212,0.139903503459104,38
Ordered Aitchison-Aitken,0.648,0.246666666666667,0.37,0.7175,0.296,0.132693017741785,38
Ordered Li-Racin,0.616,0.193333333333333,0.29,0.6975,0.232,0.135872807539648,38
Linear,0.8,0.5,0.01,0.9975,0.0196078431372549,0.277254867767373,39
RBF,0.8,0.5,0.01,0.9975,0.0196078431372549,0.2742280799221,39
Dirac,0.799,0.461538461538462,0.03,0.99125,0.0563380281690141,0.266024104183872,39
k1,0.787,0.341463414634146,0.07,0.96625,0.116182572614108,0.266358875516188,39
m3,0.781,0.338983050847458,0.1,0.95125,0.154440154440154,0.28063680662538,39
Aitchison-Aitken,0.614,0.19,0.285,0.69625,0.228,0.139204469724173,39
Li-Racin,0.626,0.21,0.315,0.70375,0.252,0.135344404928678,39
Wang-Ryzin,0.618,0.196666666666667,0.295,0.69875,0.236,0.142507018734875,39
Ordered Aitchison-Aitken,0.624,0.206666666666667,0.31,0.7025,0.248,0.142013933548283,39
Ordered Li-Racin,0.624,0.206666666666667,0.31,0.7025,0.248,0.133269522500551,39
Linear,0.8,NaN,0,1,0,0.305774016152682,40
RBF,0.796,0.166666666666667,0.005,0.99375,0.00970873786407767,0.279551818613753,40
Dirac,0.791,0.285714285714286,0.03,0.98125,0.0542986425339367,0.286786424794021,40
k1,0.793,0.379310344827586,0.055,0.9775,0.0960698689956332,0.29446770507207,40
m3,0.793,0.436363636363636,0.12,0.96125,0.188235294117647,0.302961800663098,40
Aitchison-Aitken,0.608,0.18,0.27,0.6925,0.216,0.145407047109899,40
Li-Racin,0.616,0.193333333333333,0.29,0.6975,0.232,0.13785033726642,40
Wang-Ryzin,0.62,0.2,0.3,0.7,0.24,0.144027009423727,40
Ordered Aitchison-Aitken,0.62,0.2,0.3,0.7,0.24,0.148835837939495,40
Ordered Li-Racin,0.62,0.2,0.3,0.7,0.24,0.148658305161391,40
Linear,0.801,1,0.005,1,0.00995024875621891,0.323716618463143,41
RBF,0.802,0.75,0.015,0.99875,0.0294117647058824,0.348763551612355,41
Dirac,0.793,0.230769230769231,0.015,0.9875,0.028169014084507,0.305159157283292,41
k1,0.795,0.424242424242424,0.07,0.97625,0.120171673819742,0.301341542150989,41
m3,0.79,0.368421052631579,0.07,0.97,0.117647058823529,0.288415760255374,41
Aitchison-Aitken,0.61,0.1875,0.285,0.69125,0.226190476190476,0.139115581594945,41
Li-Racin,0.614,0.19,0.285,0.69625,0.228,0.143488206609872,41
Wang-Ryzin,0.618,0.196666666666667,0.295,0.69875,0.236,0.132978437941897,41
Ordered Aitchison-Aitken,0.648,0.246666666666667,0.37,0.7175,0.296,0.14061708501993,41
Ordered Li-Racin,0.646,0.243333333333333,0.365,0.71625,0.292,0.143667081989845,41
Linear,0.799,0,0,0.99875,0,0.27272601100573,42
RBF,0.799,0.333333333333333,0.005,0.9975,0.00985221674876847,0.280717057649198,42
Dirac,0.8,0.5,0.02,0.995,0.0384615384615385,0.279849520078396,42
k1,0.788,0.227272727272727,0.025,0.97875,0.045045045045045,0.283477044793176,42
m3,0.754,0.283018867924528,0.15,0.905,0.196078431372549,0.270821807252407,42
Aitchison-Aitken,0.612,0.186666666666667,0.28,0.695,0.224,0.145711952006867,42
Li-Racin,0.606,0.176666666666667,0.265,0.69125,0.212,0.14391235533721,42
Wang-Ryzin,0.618,0.196666666666667,0.295,0.69875,0.236,0.137600628128982,42
Ordered Aitchison-Aitken,0.644,0.24,0.36,0.715,0.288,0.139696495760401,42
Ordered Li-Racin,0.618,0.196666666666667,0.295,0.69875,0.236,0.140701273259453,42
Linear,0.801,0.6,0.015,0.9975,0.0292682926829268,0.32288663743705,43
RBF,0.801,1,0.005,1,0.00995024875621891,0.326826893087874,43
Dirac,0.8,0.5,0.055,0.98625,0.0990990990990991,0.337738230723681,43
k1,0.801,0.517241379310345,0.075,0.9825,0.131004366812227,0.3302145096778,43
m3,0.794,0.442307692307692,0.115,0.96375,0.182539682539683,0.331361859644681,43
Aitchison-Aitken,0.632,0.22,0.33,0.7075,0.264,0.143480527936,43
Li-Racin,0.61,0.183333333333333,0.275,0.69375,0.22,0.139428188555765,43
Wang-Ryzin,0.624,0.206666666666667,0.31,0.7025,0.248,0.138196288483194,43
Ordered Aitchison-Aitken,0.624,0.206666666666667,0.31,0.7025,0.248,0.135729145564741,43
Ordered Li-Racin,0.634,0.223333333333333,0.335,0.70875,0.268,0.141709535649758,43
Linear,0.801,0.571428571428571,0.02,0.99625,0.0386473429951691,0.302793201522751,44
RBF,0.801,0.6,0.015,0.9975,0.0292682926829268,0.30126853360999,44
Dirac,0.797,0.451612903225806,0.07,0.97875,0.121212121212121,0.308484103048111,44
k1,0.798,0.475,0.095,0.97375,0.158333333333333,0.316625113689433,44
m3,0.794,0.442307692307692,0.115,0.96375,0.182539682539683,0.318762014033098,44
Aitchison-Aitken,0.652,0.253333333333333,0.38,0.72,0.304,0.134099136055099,44
Li-Racin,0.634,0.223333333333333,0.335,0.70875,0.268,0.138060513904147,44
Wang-Ryzin,0.598,0.163333333333333,0.245,0.68625,0.196,0.139482282529719,44
Ordered Aitchison-Aitken,0.614,0.19,0.285,0.69625,0.228,0.136426938682136,44
Ordered Li-Racin,0.632,0.22,0.33,0.7075,0.264,0.139470002055774,44
Linear,0.799,0.4,0.01,0.99625,0.0195121951219512,0.269991041945273,45
RBF,0.802,1,0.01,1,0.0198019801980198,0.29501618766221,45
Dirac,0.794,0.375,0.045,0.98125,0.0803571428571429,0.295844326958425,45
k1,0.779,0.255813953488372,0.055,0.96,0.0905349794238683,0.279618463275412,45
m3,0.763,0.25974025974026,0.1,0.92875,0.144404332129964,0.274303077615512,45
Aitchison-Aitken,0.648,0.246666666666667,0.37,0.7175,0.296,0.136219533188479,45
Li-Racin,0.602,0.17,0.255,0.68875,0.204,0.141034043848608,45
Wang-Ryzin,0.632,0.22,0.33,0.7075,0.264,0.137349884763633,45
Ordered Aitchison-Aitken,0.632,0.22,0.33,0.7075,0.264,0.134009839678123,45
Ordered Li-Racin,0.632,0.22,0.33,0.7075,0.264,0.140509788905314,45
Linear,0.799,0.333333333333333,0.005,0.9975,0.00985221674876847,0.276710200979689,46
RBF,0.8,0.5,0.01,0.9975,0.0196078431372549,0.264328014008738,46
Dirac,0.793,0.230769230769231,0.015,0.9875,0.028169014084507,0.246259205487237,46
k1,0.792,0.3,0.03,0.9825,0.0545454545454545,0.262242856669918,46
m3,0.79,0.291666666666667,0.035,0.97875,0.0625,0.267009625084259,46
Aitchison-Aitken,0.594,0.156666666666667,0.235,0.68375,0.188,0.140083077261692,46
Li-Racin,0.614,0.19,0.285,0.69625,0.228,0.142740573063866,46
Wang-Ryzin,0.638,0.23,0.345,0.71125,0.276,0.135468769016619,46
Ordered Aitchison-Aitken,0.636,0.226666666666667,0.34,0.71,0.272,0.13946280466579,46
Ordered Li-Racin,0.584,0.14,0.21,0.6775,0.168,0.146057383593769,46
Linear,0.799,0,0,0.99875,0,0.327892696888079,47
RBF,0.8,0.5,0.01,0.9975,0.0196078431372549,0.303465209158953,47
Dirac,0.798,0.45,0.045,0.98625,0.0818181818181818,0.285975607059634,47
k1,0.794,0.4,0.06,0.9775,0.104347826086957,0.289254279443586,47
m3,0.77,0.317073170731707,0.13,0.93,0.184397163120567,0.284921218772561,47
Aitchison-Aitken,0.63,0.216666666666667,0.325,0.70625,0.26,0.138771965622971,47
Li-Racin,0.61,0.183333333333333,0.275,0.69375,0.22,0.140176379506804,47
Wang-Ryzin,0.616,0.193333333333333,0.29,0.6975,0.232,0.138018778900536,47
Ordered Aitchison-Aitken,0.644,0.24,0.36,0.715,0.288,0.135813078207326,47
Ordered Li-Racin,0.616,0.193333333333333,0.29,0.6975,0.232,0.145358048873663,47
Linear,0.801,0.6,0.015,0.9975,0.0292682926829268,0.337848081150852,48
RBF,0.8,0.5,0.005,0.99875,0.0099009900990099,0.325104507284534,48
Dirac,0.797,0.44,0.055,0.9825,0.0977777777777778,0.299615898774885,48
k1,0.785,0.346938775510204,0.085,0.96,0.136546184738956,0.296264486359754,48
m3,0.786,0.375,0.105,0.95625,0.1640625,0.301099409952545,48
Aitchison-Aitken,0.8,NaN,0,1,0,0.146290935400008,48
Li-Racin,0.64,0.233333333333333,0.35,0.7125,0.28,0.133232177991241,48
Wang-Ryzin,0.646,0.243333333333333,0.365,0.71625,0.292,0.135643918322949,48
Ordered Aitchison-Aitken,0.618,0.196666666666667,0.295,0.69875,0.236,0.140811397220088,48
Ordered Li-Racin,0.612,0.186666666666667,0.28,0.695,0.224,0.140834376208893,48
Linear,0.8,0.5,0.01,0.9975,0.0196078431372549,0.337682242489849,49
RBF,0.798,0.333333333333333,0.01,0.995,0.0194174757281553,0.322056538523782,49
Dirac,0.799,0.478260869565217,0.055,0.985,0.0986547085201794,0.326954785955021,49
k1,0.803,0.540540540540541,0.1,0.97875,0.168776371308017,0.323557192233869,49
m3,0.777,0.39047619047619,0.205,0.92,0.268852459016393,0.330941232541316,49
Aitchison-Aitken,0.6,0.166666666666667,0.25,0.6875,0.2,0.13615943030597,49
Li-Racin,0.62,0.2,0.3,0.7,0.24,0.138525905486114,49
Wang-Ryzin,0.616,0.193333333333333,0.29,0.6975,0.232,0.135219179898905,49
Ordered Aitchison-Aitken,0.626,0.21,0.315,0.70375,0.252,0.137892700841401,49
Ordered Li-Racin,0.628,0.213333333333333,0.32,0.705,0.256,0.13864969469162,49
Linear,0.801,0.555555555555556,0.025,0.995,0.0478468899521531,0.354486900807963,50
RBF,0.801,0.666666666666667,0.01,0.99875,0.0197044334975369,0.352851251710348,50
Dirac,0.8,0.5,0.04,0.99,0.0740740740740741,0.330242308400413,50
k1,0.8,0.5,0.1,0.975,0.166666666666667,0.347450670112854,50
m3,0.712,0.325396825396825,0.41,0.7875,0.36283185840708,0.322161397693346,50
Aitchison-Aitken,0.606,0.176666666666667,0.265,0.69125,0.212,0.140397685470145,50
Li-Racin,0.622,0.203333333333333,0.305,0.70125,0.244,0.138733089012822,50
Wang-Ryzin,0.61,0.183333333333333,0.275,0.69375,0.22,0.142420126746424,50
Ordered Aitchison-Aitken,0.618,0.196666666666667,0.295,0.69875,0.236,0.1401427415162,50
Ordered Li-Racin,0.604,0.173333333333333,0.26,0.69,0.208,0.149003432758289,50
Linear,0.8,0.5,0.015,0.99625,0.029126213592233,0.337554444713934,51
RBF,0.801,0.6,0.015,0.9975,0.0292682926829268,0.314191765484465,51
Dirac,0.798,0.466666666666667,0.07,0.98,0.121739130434783,0.299595859546269,51
k1,0.796,0.433333333333333,0.065,0.97875,0.11304347826087,0.284779641137263,51
m3,0.79,0.416666666666667,0.125,0.95625,0.192307692307692,0.288823229147816,51
Aitchison-Aitken,0.604,0.173333333333333,0.26,0.69,0.208,0.139610184212513,51
Li-Racin,0.598,0.163333333333333,0.245,0.68625,0.196,0.137192132422375,51
Wang-Ryzin,0.634,0.223333333333333,0.335,0.70875,0.268,0.130094651423547,51
Ordered Aitchison-Aitken,0.636,0.226666666666667,0.34,0.71,0.272,0.130620330648233,51
Ordered Li-Racin,0.636,0.226666666666667,0.34,0.71,0.272,0.145152657659878,51
Linear,0.797,0.2,0.005,0.995,0.00975609756097561,0.281811768970917,52
RBF,0.797,0.285714285714286,0.01,0.99375,0.0193236714975845,0.32388679334249,52
Dirac,0.794,0.425,0.085,0.97125,0.141666666666667,0.301763418929481,52
k1,0.788,0.369565217391304,0.085,0.96375,0.138211382113821,0.295550294811619,52
m3,0.795,0.454545454545455,0.125,0.9625,0.196078431372549,0.294820478009802,52
Aitchison-Aitken,0.626,0.21,0.315,0.70375,0.252,0.134618854829934,52
Li-Racin,0.622,0.203333333333333,0.305,0.70125,0.244,0.134944166564594,52
Wang-Ryzin,0.8,NaN,0,1,0,0.144841979465609,52
Ordered Aitchison-Aitken,0.604,0.173333333333333,0.26,0.69,0.208,0.141303842876501,52
Ordered Li-Racin,0.592,0.153333333333333,0.23,0.6825,0.184,0.137453773812574,52
Linear,0.8,0.5,0.005,0.99875,0.0099009900990099,0.292502356977812,53
RBF,0.801,0.666666666666667,0.01,0.99875,0.0197044334975369,0.293415056726062,53
Dirac,0.797,0.384615384615385,0.025,0.99,0.0469483568075117,0.29168578606916,53
k1,0.795,0.272727272727273,0.015,0.99,0.028436018957346,0.29936262498543,53
m3,0.792,0.346153846153846,0.045,0.97875,0.079646017699115,0.295518783325901,53
Aitchison-Aitken,0.634,0.223333333333333,0.335,0.70875,0.268,0.135303898946955,53
Li-Racin,0.636,0.226666666666667,0.34,0.71,0.272,0.135884581090796,53
Wang-Ryzin,0.636,0.226666666666667,0.34,0.71,0.272,0.127264131260304,53
Ordered Aitchison-Aitken,0.608,0.18,0.27,0.6925,0.216,0.14484103389024,53
Ordered Li-Racin,0.634,0.223333333333333,0.335,0.70875,0.268,0.144663426532212,53
Linear,0.8,0.5,0.005,0.99875,0.0099009900990099,0.295920521514342,54
RBF,0.8,0.5,0.01,0.9975,0.0196078431372549,0.339379677409053,54
Dirac,0.796,0.375,0.03,0.9875,0.0555555555555556,0.335474941891219,54
k1,0.794,0.428571428571429,0.09,0.97,0.148760330578512,0.331064466929971,54
m3,0.709,0.335740072202166,0.465,0.77,0.389937106918239,0.314318071787312,54
Aitchison-Aitken,0.612,0.186666666666667,0.28,0.695,0.224,0.138774426511175,54
Li-Racin,0.596,0.16,0.24,0.685,0.192,0.139319235716492,54
Wang-Ryzin,0.638,0.23,0.345,0.71125,0.276,0.138411367783917,54
Ordered Aitchison-Aitken,0.602,0.17,0.255,0.68875,0.204,0.140054103731093,54
Ordered Li-Racin,0.62,0.2,0.3,0.7,0.24,0.139930105190132,54
Linear,0.799,0.4,0.01,0.99625,0.0195121951219512,0.309033201443759,55
RBF,0.798,0.25,0.005,0.99625,0.00980392156862745,0.29526183325833,55
Dirac,0.799,0.4,0.01,0.99625,0.0195121951219512,0.267897478793278,55
k1,0.8,0.5,0.02,0.995,0.0384615384615385,0.278545495748618,55
m3,0.782,0.263157894736842,0.05,0.965,0.0840336134453782,0.260771588874768,55
Aitchison-Aitken,0.612,0.186666666666667,0.28,0.695,0.224,0.141848221145657,55
Li-Racin,0.644,0.24,0.36,0.715,0.288,0.129700029084699,55
Wang-Ryzin,0.8,NaN,0,1,0,0.138360318558574,55
Ordered Aitchison-Aitken,0.6,0.166666666666667,0.25,0.6875,0.2,0.142918256843289,55
Ordered Li-Racin,0.624,0.206666666666667,0.31,0.7025,0.248,0.135353602739894,55
Linear,0.798,0.25,0.005,0.99625,0.00980392156862745,0.294772227747572,56
RBF,0.797,0,0,0.99625,0,0.284956796575223,56
Dirac,0.789,0.260869565217391,0.03,0.97875,0.0538116591928251,0.266793773042353,56
k1,0.784,0.318181818181818,0.07,0.9625,0.114754098360656,0.262880792665624,56
m3,0.71,0.300884955752212,0.34,0.8025,0.31924882629108,0.285391554039414,56
Aitchison-Aitken,0.636,0.226666666666667,0.34,0.71,0.272,0.137785045408493,56
Li-Racin,0.608,0.18,0.27,0.6925,0.216,0.142555166907665,56
Wang-Ryzin,0.64,0.233333333333333,0.35,0.7125,0.28,0.133036538705937,56
Ordered Aitchison-Aitken,0.614,0.19,0.285,0.69625,0.228,0.14006074083148,56
Ordered Li-Racin,0.608,0.18,0.27,0.6925,0.216,0.142670774317945,56
Linear,0.798,0.375,0.015,0.99375,0.0288461538461538,0.254814757280005,57
RBF,0.8,0.5,0.01,0.9975,0.0196078431372549,0.270270188758399,57
Dirac,0.798,0.4375,0.035,0.98875,0.0648148148148148,0.284932836868691,57
k1,0.796,0.452380952380952,0.095,0.97125,0.15702479338843,0.283772119067648,57
m3,0.755,0.335766423357664,0.23,0.88625,0.27299703264095,0.306572285376633,57
Aitchison-Aitken,0.608,0.18,0.27,0.6925,0.216,0.14525244284319,57
Li-Racin,0.628,0.213333333333333,0.32,0.705,0.256,0.140931956778649,57
Wang-Ryzin,0.624,0.206666666666667,0.31,0.7025,0.248,0.142026162976344,57
Ordered Aitchison-Aitken,0.8,NaN,0,1,0,0.136512141693223,57
Ordered Li-Racin,0.616,0.193333333333333,0.29,0.6975,0.232,0.140162481783821,57
Linear,0.802,0.75,0.015,0.99875,0.0294117647058824,0.342373147929394,58
RBF,0.8,0.5,0.01,0.9975,0.0196078431372549,0.343962062168359,58
Dirac,0.794,0.35,0.035,0.98375,0.0636363636363636,0.303382547899729,58
k1,0.79,0.321428571428571,0.045,0.97625,0.0789473684210526,0.286555543201993,58
m3,0.727,0.293785310734463,0.26,0.84375,0.275862068965517,0.285404334108695,58
Aitchison-Aitken,0.8,NaN,0,1,0,0.139592352245593,58
Li-Racin,0.634,0.223333333333333,0.335,0.70875,0.268,0.129806777412008,58
Wang-Ryzin,0.8,NaN,0,1,0,0.146321739615772,58
Ordered Aitchison-Aitken,0.606,0.176666666666667,0.265,0.69125,0.212,0.141162041380391,58
Ordered Li-Racin,0.602,0.17,0.255,0.68875,0.204,0.141252440501975,58
Linear,0.8,0.5,0.005,0.99875,0.0099009900990099,0.30080636284885,59
RBF,0.798,0.25,0.005,0.99625,0.00980392156862745,0.309402617070489,59
Dirac,0.792,0.333333333333333,0.04,0.98,0.0714285714285714,0.294498725766497,59
k1,0.787,0.290322580645161,0.045,0.9725,0.0779220779220779,0.27864842478316,59
m3,0.696,0.288617886178862,0.355,0.78125,0.318385650224215,0.272299938713408,59
Aitchison-Aitken,0.62,0.2,0.3,0.7,0.24,0.141579511063668,59
Li-Racin,0.624,0.206666666666667,0.31,0.7025,0.248,0.142112534910244,59
Wang-Ryzin,0.8,NaN,0,1,0,0.135297171042325,59
Ordered Aitchison-Aitken,0.646,0.243333333333333,0.365,0.71625,0.292,0.133374610095645,59
Ordered Li-Racin,0.638,0.23,0.345,0.71125,0.276,0.136179114808287,59
Linear,0.802,1,0.01,1,0.0198019801980198,0.301246651936517,60
RBF,0.8,0.5,0.005,0.99875,0.0099009900990099,0.310813107900966,60
Dirac,0.797,0.363636363636364,0.02,0.99125,0.037914691943128,0.316013413447143,60
k1,0.798,0.454545454545455,0.05,0.985,0.0900900900900901,0.288004344656443,60
m3,0.806,0.568181818181818,0.125,0.97625,0.204918032786885,0.341399694986981,60
Aitchison-Aitken,0.616,0.193333333333333,0.29,0.6975,0.232,0.145752261633998,60
Li-Racin,0.614,0.19,0.285,0.69625,0.228,0.144961967160128,60
Wang-Ryzin,0.636,0.226666666666667,0.34,0.71,0.272,0.137137390963117,60
Ordered Aitchison-Aitken,0.62,0.2,0.3,0.7,0.24,0.136245158482799,60
Ordered Li-Racin,0.628,0.213333333333333,0.32,0.705,0.256,0.145410266888627,60
Linear,0.802,0.625,0.025,0.99625,0.0480769230769231,0.274207030863747,61
RBF,0.8,0.5,0.015,0.99625,0.029126213592233,0.280870368518682,61
Dirac,0.798,0.470588235294118,0.08,0.9775,0.136752136752137,0.294017517548732,61
k1,0.795,0.435897435897436,0.085,0.9725,0.142259414225941,0.291997636928919,61
m3,0.796,0.467741935483871,0.145,0.95875,0.221374045801527,0.303015427982146,61
Aitchison-Aitken,0.616,0.193333333333333,0.29,0.6975,0.232,0.137936144211571,61
Li-Racin,0.62,0.2,0.3,0.7,0.24,0.136241887581129,61
Wang-Ryzin,0.8,NaN,0,1,0,0.143755862951654,61
Ordered Aitchison-Aitken,0.612,0.186666666666667,0.28,0.695,0.224,0.134812989322691,61
Ordered Li-Racin,0.63,0.216666666666667,0.325,0.70625,0.26,0.131510467092608,61
Linear,0.802,0.75,0.015,0.99875,0.0294117647058824,0.279227105325046,62
RBF,0.8,NaN,0,1,0,0.297743692471074,62
Dirac,0.799,0.470588235294118,0.04,0.98875,0.0737327188940092,0.27629096707449,62
k1,0.796,0.444444444444444,0.08,0.975,0.135593220338983,0.273397031635654,62
m3,0.791,0.395348837209302,0.085,0.9675,0.139917695473251,0.276872201708573,62
Aitchison-Aitken,0.632,0.22,0.33,0.7075,0.264,0.134214972421426,62
Li-Racin,0.606,0.176666666666667,0.265,0.69125,0.212,0.142858377369094,62
Wang-Ryzin,0.63,0.216666666666667,0.325,0.70625,0.26,0.140117408396358,62
Ordered Aitchison-Aitken,0.614,0.19,0.285,0.69625,0.228,0.148096214207372,62
Ordered Li-Racin,0.614,0.19,0.285,0.69625,0.228,0.139742155778833,62
Linear,0.794,0.125,0.005,0.99125,0.00961538461538462,0.299263468765896,63
RBF,0.796,0,0,0.995,0,0.292332128833425,63
Dirac,0.79,0.272727272727273,0.03,0.98,0.0540540540540541,0.277745163399399,63
k1,0.785,0.285714285714286,0.05,0.96875,0.0851063829787234,0.277443339327712,63
m3,0.784,0.333333333333333,0.08,0.96,0.129032258064516,0.266434524672788,63
Aitchison-Aitken,0.612,0.186666666666667,0.28,0.695,0.224,0.141576672990473,63
Li-Racin,0.592,0.153333333333333,0.23,0.6825,0.184,0.138841041444029,63
Wang-Ryzin,0.622,0.203333333333333,0.305,0.70125,0.244,0.135625053884971,63
Ordered Aitchison-Aitken,0.612,0.186666666666667,0.28,0.695,0.224,0.139601831114265,63
Ordered Li-Racin,0.622,0.203333333333333,0.305,0.70125,0.244,0.140471878212128,63
Linear,0.801,1,0.005,1,0.00995024875621891,0.310783581143397,64
RBF,0.798,0.25,0.005,0.99625,0.00980392156862745,0.292537707034454,64
Dirac,0.788,0.125,0.01,0.9825,0.0185185185185185,0.283362421541515,64
k1,0.791,0.2,0.015,0.985,0.027906976744186,0.282102717977416,64
m3,0.784,0.192307692307692,0.025,0.97375,0.0442477876106195,0.270457883676468,64
Aitchison-Aitken,0.648,0.246666666666667,0.37,0.7175,0.296,0.136789459595691,64
Li-Racin,0.658,0.263333333333333,0.395,0.72375,0.316,0.136131082065581,64
Wang-Ryzin,0.8,NaN,0,1,0,0.131852860061828,64
Ordered Aitchison-Aitken,0.626,0.21,0.315,0.70375,0.252,0.13570929094289,64
Ordered Li-Racin,0.626,0.21,0.315,0.70375,0.252,0.143050105145328,64
Linear,0.8,0.5,0.01,0.9975,0.0196078431372549,0.248731249790796,65
RBF,0.8,0.5,0.01,0.9975,0.0196078431372549,0.269374114390917,65
Dirac,0.798,0.4375,0.035,0.98875,0.0648148148148148,0.287166565124793,65
k1,0.798,0.46875,0.075,0.97875,0.129310344827586,0.291407362382807,65
m3,0.79,0.426470588235294,0.145,0.95125,0.216417910447761,0.297482972877973,65
Aitchison-Aitken,0.634,0.223333333333333,0.335,0.70875,0.268,0.140510412060783,65
Li-Racin,0.612,0.186666666666667,0.28,0.695,0.224,0.148391269441108,65
Wang-Ryzin,0.618,0.196666666666667,0.295,0.69875,0.236,0.140244236132648,65
Ordered Aitchison-Aitken,0.598,0.163333333333333,0.245,0.68625,0.196,0.140416542782849,65
Ordered Li-Racin,0.62,0.2,0.3,0.7,0.24,0.139013437318855,65
Linear,0.799,0.333333333333333,0.005,0.9975,0.00985221674876847,0.3221195367923,66
RBF,0.799,0,0,0.99875,0,0.311781963101581,66
Dirac,0.796,0.3,0.015,0.99125,0.0285714285714286,0.28213950341185,66
k1,0.786,0.266666666666667,0.04,0.9725,0.0695652173913043,0.282940957228492,66
m3,0.778,0.32258064516129,0.1,0.9475,0.152671755725191,0.276762539032793,66
Aitchison-Aitken,0.616,0.193333333333333,0.29,0.6975,0.232,0.138348175102577,66
Li-Racin,0.624,0.206666666666667,0.31,0.7025,0.248,0.134019848323657,66
Wang-Ryzin,0.59,0.15,0.225,0.68125,0.18,0.140935639964545,66
Ordered Aitchison-Aitken,0.8,NaN,0,1,0,0.142777483833693,66
Ordered Li-Racin,0.632,0.22,0.33,0.7075,0.264,0.134313706343053,66
Linear,0.799,0.333333333333333,0.005,0.9975,0.00985221674876847,0.316988923993372,67
RBF,0.801,1,0.005,1,0.00995024875621891,0.31325055036059,67
Dirac,0.792,0.333333333333333,0.04,0.98,0.0714285714285714,0.301482718622959,67
k1,0.782,0.304347826086957,0.07,0.96,0.113821138211382,0.29879793118084,67
m3,0.779,0.393939393939394,0.195,0.925,0.260869565217391,0.329022510425968,67
Aitchison-Aitken,0.6,0.166666666666667,0.25,0.6875,0.2,0.141231208907681,67
Li-Racin,0.596,0.16,0.24,0.685,0.192,0.140613572219664,67
Wang-Ryzin,0.612,0.186666666666667,0.28,0.695,0.224,0.143590806962415,67
Ordered Aitchison-Aitken,0.612,0.186666666666667,0.28,0.695,0.224,0.137649213969194,67
Ordered Li-Racin,0.596,0.16,0.24,0.685,0.192,0.144743325030866,67
Linear,0.802,0.75,0.015,0.99875,0.0294117647058824,0.321642125053306,68
RBF,0.8,0.5,0.005,0.99875,0.0099009900990099,0.316557991892201,68
Dirac,0.799,0.444444444444444,0.02,0.99375,0.0382775119617225,0.297439852013391,68
k1,0.795,0.333333333333333,0.025,0.9875,0.0465116279069767,0.295282617710741,68
m3,0.783,0.319148936170213,0.075,0.96,0.121457489878543,0.272116735489304,68
Aitchison-Aitken,0.594,0.156666666666667,0.235,0.68375,0.188,0.144403613185288,68
Li-Racin,0.606,0.176666666666667,0.265,0.69125,0.212,0.14365580129072,68
Wang-Ryzin,0.602,0.17,0.255,0.68875,0.204,0.143631948427907,68
Ordered Aitchison-Aitken,0.8,NaN,0,1,0,0.136853903553835,68
Ordered Li-Racin,0.6,0.166666666666667,0.25,0.6875,0.2,0.143640236413703,68
Linear,0.8,0.5,0.01,0.9975,0.0196078431372549,0.356791933905049,69
RBF,0.801,0.666666666666667,0.01,0.99875,0.0197044334975369,0.354198507534721,69
Dirac,0.801,0.521739130434783,0.06,0.98625,0.10762331838565,0.344514144024585,69
k1,0.798,0.48,0.12,0.9675,0.192,0.346625125534166,69
m3,0.797,0.474576271186441,0.14,0.96125,0.216216216216216,0.348392186581498,69
Aitchison-Aitken,0.6,0.166666666666667,0.25,0.6875,0.2,0.144547218381777,69
Li-Racin,0.646,0.243333333333333,0.365,0.71625,0.292,0.129721611029997,69
Wang-Ryzin,0.624,0.206666666666667,0.31,0.7025,0.248,0.140792550197314,69
Ordered Aitchison-Aitken,0.612,0.186666666666667,0.28,0.695,0.224,0.139079888677503,69
Ordered Li-Racin,0.608,0.18,0.27,0.6925,0.216,0.138381574753793,69
Linear,0.8,0.5,0.005,0.99875,0.0099009900990099,0.259985054209498,70
RBF,0.801,1,0.005,1,0.00995024875621891,0.270377838626622,70
Dirac,0.792,0.375,0.06,0.975,0.103448275862069,0.257035763641013,70
k1,0.776,0.269230769230769,0.07,0.9525,0.111111111111111,0.255335863936958,70
m3,0.722,0.221428571428571,0.155,0.86375,0.182352941176471,0.245867814454006,70
Aitchison-Aitken,0.624,0.206666666666667,0.31,0.7025,0.248,0.143465413351505,70
Li-Racin,0.622,0.203333333333333,0.305,0.70125,0.244,0.141514290062412,70
Wang-Ryzin,0.8,NaN,0,1,0,0.138072549374549,70
Ordered Aitchison-Aitken,0.634,0.223333333333333,0.335,0.70875,0.268,0.137845596780705,70
Ordered Li-Racin,0.616,0.193333333333333,0.29,0.6975,0.232,0.143715317624593,70
Linear,0.799,0.333333333333333,0.005,0.9975,0.00985221674876847,0.321225143202066,71
RBF,0.799,0.333333333333333,0.005,0.9975,0.00985221674876847,0.309808587388473,71
Dirac,0.801,0.518518518518518,0.07,0.98375,0.123348017621145,0.329987456511859,71
k1,0.801,0.515151515151515,0.085,0.98,0.145922746781116,0.322151452439346,71
m3,0.783,0.360655737704918,0.11,0.95125,0.168582375478927,0.311759273141882,71
Aitchison-Aitken,0.624,0.206666666666667,0.31,0.7025,0.248,0.138397022035355,71
Li-Racin,0.616,0.193333333333333,0.29,0.6975,0.232,0.139460789026025,71
Wang-Ryzin,0.626,0.21,0.315,0.70375,0.252,0.142820624714447,71
Ordered Aitchison-Aitken,0.61,0.183333333333333,0.275,0.69375,0.22,0.136326649164385,71
Ordered Li-Racin,0.62,0.2,0.3,0.7,0.24,0.14376348458001,71
Linear,0.801,0.666666666666667,0.01,0.99875,0.0197044334975369,0.28144019143979,72
RBF,0.8,0.5,0.005,0.99875,0.0099009900990099,0.310904321314822,72
Dirac,0.801,0.526315789473684,0.05,0.98875,0.091324200913242,0.288190931365875,72
k1,0.797,0.428571428571429,0.045,0.985,0.081447963800905,0.30636401267359,72
m3,0.793,0.41025641025641,0.08,0.97125,0.133891213389121,0.281471521390366,72
Aitchison-Aitken,0.604,0.173333333333333,0.26,0.69,0.208,0.14406824144015,72
Li-Racin,0.616,0.193333333333333,0.29,0.6975,0.232,0.13107027635623,72
Wang-Ryzin,0.618,0.196666666666667,0.295,0.69875,0.236,0.137908425110626,72
Ordered Aitchison-Aitken,0.616,0.193333333333333,0.29,0.6975,0.232,0.139786803548787,72
Ordered Li-Racin,0.622,0.203333333333333,0.305,0.70125,0.244,0.131955270533514,72
Linear,0.8,0.5,0.005,0.99875,0.0099009900990099,0.275380104270829,73
RBF,0.799,0,0,0.99875,0,0.281530213377073,73
Dirac,0.793,0.393939393939394,0.065,0.975,0.111587982832618,0.276942855244397,73
k1,0.786,0.333333333333333,0.07,0.965,0.115702479338843,0.285205978934084,73
m3,0.781,0.313725490196078,0.08,0.95625,0.127490039840637,0.266756880237715,73
Aitchison-Aitken,0.624,0.206666666666667,0.31,0.7025,0.248,0.139697721242541,73
Li-Racin,0.638,0.23,0.345,0.71125,0.276,0.13644554720308,73
Wang-Ryzin,0.64,0.233333333333333,0.35,0.7125,0.28,0.13723410768097,73
Ordered Aitchison-Aitken,0.624,0.206666666666667,0.31,0.7025,0.248,0.137387603038817,73
Ordered Li-Racin,0.632,0.22,0.33,0.7075,0.264,0.138188275330132,73
Linear,0.799,0,0,0.99875,0,0.369112937080923,74
RBF,0.8,0.5,0.005,0.99875,0.0099009900990099,0.364732597471055,74
Dirac,0.797,0.4,0.03,0.98875,0.0558139534883721,0.29318146976453,74
k1,0.796,0.375,0.03,0.9875,0.0555555555555556,0.294663056312384,74
m3,0.792,0.416666666666667,0.1,0.965,0.161290322580645,0.287859628294337,74
Aitchison-Aitken,0.62,0.2,0.3,0.7,0.24,0.139614585605245,74
Li-Racin,0.62,0.2,0.3,0.7,0.24,0.141216993417902,74
Wang-Ryzin,0.636,0.226666666666667,0.34,0.71,0.272,0.136549551924871,74
Ordered Aitchison-Aitken,0.632,0.22,0.33,0.7075,0.264,0.144584657437351,74
Ordered Li-Racin,0.622,0.203333333333333,0.305,0.70125,0.244,0.137257968218901,74
Linear,0.801,1,0.005,1,0.00995024875621891,0.282899857509067,75
RBF,0.801,1,0.005,1,0.00995024875621891,0.279118687838553,75
Dirac,0.798,0.45,0.045,0.98625,0.0818181818181818,0.293600116192959,75
k1,0.79,0.380952380952381,0.08,0.9675,0.132231404958678,0.293988276400348,75
m3,0.782,0.35,0.105,0.95125,0.161538461538462,0.284681957395482,75
Aitchison-Aitken,0.607,0.197492163009404,0.315,0.68,0.242774566473988,0.14091364994259,75
Li-Racin,0.628,0.213333333333333,0.32,0.705,0.256,0.133850374158297,75
Wang-Ryzin,0.632,0.22,0.33,0.7075,0.264,0.13461531108103,75
Ordered Aitchison-Aitken,0.628,0.213333333333333,0.32,0.705,0.256,0.136129146959781,75
Ordered Li-Racin,0.604,0.173333333333333,0.26,0.69,0.208,0.144870861732557,75
Linear,0.8,0.5,0.03,0.9925,0.0566037735849057,0.282014826568098,76
RBF,0.798,0.25,0.005,0.99625,0.00980392156862745,0.269667035433231,76
Dirac,0.789,0.28,0.035,0.9775,0.0622222222222222,0.265066391370452,76
k1,0.786,0.181818181818182,0.02,0.9775,0.036036036036036,0.257294697623503,76
m3,0.775,0.264150943396226,0.07,0.95125,0.110671936758893,0.258260185118424,76
Aitchison-Aitken,0.61,0.183333333333333,0.275,0.69375,0.22,0.134554323198755,76
Li-Racin,0.62,0.2,0.3,0.7,0.24,0.144404188579842,76
Wang-Ryzin,0.8,NaN,0,1,0,0.130540291685051,76
Ordered Aitchison-Aitken,0.622,0.203333333333333,0.305,0.70125,0.244,0.14467078816887,76
Ordered Li-Racin,0.622,0.203333333333333,0.305,0.70125,0.244,0.145411951279371,76
Linear,0.801,1,0.005,1,0.00995024875621891,0.287159222541252,77
RBF,0.799,0,0,0.99875,0,0.317700763210062,77
Dirac,0.797,0.285714285714286,0.01,0.99375,0.0193236714975845,0.279981695311593,77
k1,0.794,0.285714285714286,0.02,0.9875,0.0373831775700935,0.280344973631569,77
m3,0.783,0.302325581395349,0.065,0.9625,0.106995884773663,0.288592871702921,77
Aitchison-Aitken,0.614,0.19,0.285,0.69625,0.228,0.143342529648352,77
Li-Racin,0.618,0.196666666666667,0.295,0.69875,0.236,0.143612629142482,77
Wang-Ryzin,0.624,0.206666666666667,0.31,0.7025,0.248,0.141163143046071,77
Ordered Aitchison-Aitken,0.624,0.206666666666667,0.31,0.7025,0.248,0.141891996598724,77
Ordered Li-Racin,0.618,0.196666666666667,0.295,0.69875,0.236,0.136609319721262,77
Linear,0.801,0.6,0.015,0.9975,0.0292682926829268,0.26522179338614,78
RBF,0.8,0.5,0.01,0.9975,0.0196078431372549,0.26585505029578,78
Dirac,0.778,0.288461538461538,0.075,0.95375,0.119047619047619,0.277304443388967,78
k1,0.778,0.316666666666667,0.095,0.94875,0.146153846153846,0.284588381070165,78
m3,0.688,0.298561151079137,0.415,0.75625,0.347280334728033,0.286857212208885,78
Aitchison-Aitken,0.632,0.22,0.33,0.7075,0.264,0.137548078249138,78
Li-Racin,0.634,0.223333333333333,0.335,0.70875,0.268,0.136996143498761,78
Wang-Ryzin,0.628,0.213333333333333,0.32,0.705,0.256,0.13817001551476,78
Ordered Aitchison-Aitken,0.628,0.213333333333333,0.32,0.705,0.256,0.142952335335909,78
Ordered Li-Racin,0.578,0.13,0.195,0.67375,0.156,0.145036287515826,78
Linear,0.802,0.666666666666667,0.02,0.9975,0.0388349514563107,0.348737420490036,79
RBF,0.803,1,0.015,1,0.0295566502463054,0.359442173689325,79
Dirac,0.8,0.5,0.05,0.9875,0.0909090909090909,0.329309997553347,79
k1,0.794,0.392857142857143,0.055,0.97875,0.0964912280701754,0.314087589539016,79
m3,0.79,0.4,0.1,0.9625,0.16,0.308598380163083,79
Aitchison-Aitken,0.6,0.166666666666667,0.25,0.6875,0.2,0.142264363762155,79
Li-Racin,0.6,0.166666666666667,0.25,0.6875,0.2,0.141428062345387,79
Wang-Ryzin,0.618,0.196666666666667,0.295,0.69875,0.236,0.145265576427768,79
Ordered Aitchison-Aitken,0.584,0.14,0.21,0.6775,0.168,0.143105870006259,79
Ordered Li-Racin,0.602,0.17,0.255,0.68875,0.204,0.139721344908157,79
Linear,0.799,0.4,0.01,0.99625,0.0195121951219512,0.366885364788247,80
RBF,0.798,0,0,0.9975,0,0.351543113874021,80
Dirac,0.802,0.55,0.055,0.98875,0.1,0.315853718889484,80
k1,0.798,0.461538461538462,0.06,0.9825,0.106194690265487,0.320387155461998,80
m3,0.788,0.388888888888889,0.105,0.95875,0.165354330708661,0.320445664095171,80
Aitchison-Aitken,0.644,0.24,0.36,0.715,0.288,0.144577265785347,80
Li-Racin,0.624,0.206666666666667,0.31,0.7025,0.248,0.136161768204885,80
Wang-Ryzin,0.624,0.206666666666667,0.31,0.7025,0.248,0.14180727177804,80
Ordered Aitchison-Aitken,0.636,0.226666666666667,0.34,0.71,0.272,0.13965983274706,80
Ordered Li-Racin,0.612,0.186666666666667,0.28,0.695,0.224,0.13914869243955,80
Linear,0.802,0.75,0.015,0.99875,0.0294117647058824,0.277221436117439,81
RBF,0.801,0.666666666666667,0.01,0.99875,0.0197044334975369,0.288668820703957,81
Dirac,0.798,0.444444444444444,0.04,0.9875,0.073394495412844,0.300228664457792,81
k1,0.799,0.470588235294118,0.04,0.98875,0.0737327188940092,0.316186549566123,81
m3,0.79,0.391304347826087,0.09,0.965,0.146341463414634,0.294467905416669,81
Aitchison-Aitken,0.598,0.163333333333333,0.245,0.68625,0.196,0.141819405633117,81
Li-Racin,0.638,0.23,0.345,0.71125,0.276,0.138874740021973,81
Wang-Ryzin,0.612,0.186666666666667,0.28,0.695,0.224,0.141411938525059,81
Ordered Aitchison-Aitken,0.598,0.163333333333333,0.245,0.68625,0.196,0.140520928400955,81
Ordered Li-Racin,0.606,0.176666666666667,0.265,0.69125,0.212,0.142433145623092,81
Linear,0.802,0.75,0.015,0.99875,0.0294117647058824,0.341368638610193,82
RBF,0.8,0.5,0.015,0.99625,0.029126213592233,0.332577565578427,82
Dirac,0.796,0.4,0.04,0.985,0.0727272727272727,0.302035946835472,82
k1,0.798,0.46875,0.075,0.97875,0.129310344827586,0.333737629392287,82
m3,0.783,0.311111111111111,0.07,0.96125,0.114285714285714,0.299970432145138,82
Aitchison-Aitken,0.612,0.186666666666667,0.28,0.695,0.224,0.143834234478755,82
Li-Racin,0.61,0.183333333333333,0.275,0.69375,0.22,0.144372772139361,82
Wang-Ryzin,0.626,0.21,0.315,0.70375,0.252,0.140876164363576,82
Ordered Aitchison-Aitken,0.8,NaN,0,1,0,0.140727196168276,82
Ordered Li-Racin,0.628,0.213333333333333,0.32,0.705,0.256,0.135566955258767,82
Linear,0.8,0.5,0.01,0.9975,0.0196078431372549,0.279866978049806,83
RBF,0.799,0,0,0.99875,0,0.284712391257147,83
Dirac,0.794,0.333333333333333,0.03,0.985,0.055045871559633,0.280470352791051,83
k1,0.79,0.142857142857143,0.01,0.985,0.0186915887850467,0.25692650098776,83
m3,0.782,0.32,0.08,0.9575,0.128,0.278550040062852,83
Aitchison-Aitken,0.596,0.16,0.24,0.685,0.192,0.142877191490259,83
Li-Racin,0.592,0.153333333333333,0.23,0.6825,0.184,0.146154489569367,83
Wang-Ryzin,0.8,NaN,0,1,0,0.139034510315216,83
Ordered Aitchison-Aitken,0.8,NaN,0,1,0,0.138871734308757,83
Ordered Li-Racin,0.6,0.166666666666667,0.25,0.6875,0.2,0.137261771789913,83
Linear,0.796,0,0,0.995,0,0.277026115357607,84
RBF,0.797,0,0,0.99625,0,0.274279660188117,84
Dirac,0.797,0.4,0.03,0.98875,0.0558139534883721,0.263950953766655,84
k1,0.797,0.411764705882353,0.035,0.9875,0.0645161290322581,0.263221572483322,84
m3,0.779,0.255813953488372,0.055,0.96,0.0905349794238683,0.25064286332769,84
Aitchison-Aitken,0.626,0.21,0.315,0.70375,0.252,0.141781687340015,84
Li-Racin,0.628,0.213333333333333,0.32,0.705,0.256,0.139488872244602,84
Wang-Ryzin,0.626,0.21,0.315,0.70375,0.252,0.135386861456999,84
Ordered Aitchison-Aitken,0.614,0.19,0.285,0.69625,0.228,0.139716314351884,84
Ordered Li-Racin,0.618,0.196666666666667,0.295,0.69875,0.236,0.140661012243171,84
Linear,0.797,0,0,0.99625,0,0.325999082195,85
RBF,0.799,0.4,0.01,0.99625,0.0195121951219512,0.340493573370252,85
Dirac,0.798,0.473684210526316,0.09,0.975,0.151260504201681,0.353082395504666,85
k1,0.796,0.45,0.09,0.9725,0.15,0.343706695063918,85
m3,0.798,0.484848484848485,0.16,0.9575,0.240601503759398,0.369355743775138,85
Aitchison-Aitken,0.608,0.18,0.27,0.6925,0.216,0.140713615743784,85
Li-Racin,0.646,0.243333333333333,0.365,0.71625,0.292,0.138361256828486,85
Wang-Ryzin,0.8,NaN,0,1,0,0.133142169192466,85
Ordered Aitchison-Aitken,0.644,0.24,0.36,0.715,0.288,0.132273912439897,85
Ordered Li-Racin,0.602,0.17,0.255,0.68875,0.204,0.141830982549268,85
Linear,0.796,0.166666666666667,0.005,0.99375,0.00970873786407767,0.292856271170418,86
RBF,0.798,0,0,0.9975,0,0.289526707069847,86
Dirac,0.8,0.5,0.045,0.98875,0.0825688073394495,0.284285646643176,86
k1,0.79,0.361111111111111,0.065,0.97125,0.110169491525424,0.275740113852155,86
m3,0.725,0.299465240641711,0.28,0.83625,0.289405684754522,0.282007145890465,86
Aitchison-Aitken,0.628,0.213333333333333,0.32,0.705,0.256,0.144162628229633,86
Li-Racin,0.64,0.233333333333333,0.35,0.7125,0.28,0.133470984086326,86
Wang-Ryzin,0.636,0.226666666666667,0.34,0.71,0.272,0.134632519352561,86
Ordered Aitchison-Aitken,0.644,0.24,0.36,0.715,0.288,0.132579193769432,86
Ordered Li-Racin,0.62,0.2,0.3,0.7,0.24,0.138790471276115,86
Linear,0.797,0.333333333333333,0.015,0.9925,0.0287081339712919,0.263640639211389,87
RBF,0.798,0.333333333333333,0.01,0.995,0.0194174757281553,0.278720189300843,87
Dirac,0.791,0.304347826086957,0.035,0.98,0.062780269058296,0.266461938064179,87
k1,0.787,0.314285714285714,0.055,0.97,0.0936170212765957,0.26808427393139,87
m3,0.739,0.274074074074074,0.185,0.8775,0.22089552238806,0.269068821967815,87
Aitchison-Aitken,0.604,0.173333333333333,0.26,0.69,0.208,0.139985230641506,87
Li-Racin,0.636,0.226666666666667,0.34,0.71,0.272,0.131287164572801,87
Wang-Ryzin,0.604,0.173333333333333,0.26,0.69,0.208,0.142128234644259,87
Ordered Aitchison-Aitken,0.594,0.156666666666667,0.235,0.68375,0.188,0.137049753027146,87
Ordered Li-Racin,0.636,0.226666666666667,0.34,0.71,0.272,0.135723235546139,87
Linear,0.796,0.166666666666667,0.005,0.99375,0.00970873786407767,0.313715028414611,88
RBF,0.8,NaN,0,1,0,0.325071783044587,88
Dirac,0.794,0.285714285714286,0.02,0.9875,0.0373831775700935,0.27926891788078,88
k1,0.786,0.266666666666667,0.04,0.9725,0.0695652173913043,0.277748012645592,88
m3,0.748,0.324324324324324,0.24,0.875,0.275862068965517,0.28545599131707,88
Aitchison-Aitken,0.636,0.226666666666667,0.34,0.71,0.272,0.135283696508522,88
Li-Racin,0.628,0.213333333333333,0.32,0.705,0.256,0.140941565910049,88
Wang-Ryzin,0.62,0.2,0.3,0.7,0.24,0.136165609579701,88
Ordered Aitchison-Aitken,0.612,0.186666666666667,0.28,0.695,0.224,0.141023352217727,88
Ordered Li-Racin,0.638,0.23,0.345,0.71125,0.276,0.136526453954387,88
Linear,0.8,0.5,0.015,0.99625,0.029126213592233,0.252336549140619,89
RBF,0.802,0.75,0.015,0.99875,0.0294117647058824,0.265274723789007,89
Dirac,0.799,0.444444444444444,0.02,0.99375,0.0382775119617225,0.266248015020647,89
k1,0.798,0.4,0.02,0.9925,0.0380952380952381,0.261041536466647,89
m3,0.785,0.297297297297297,0.055,0.9675,0.0928270042194093,0.246590490167061,89
Aitchison-Aitken,0.614,0.19,0.285,0.69625,0.228,0.139349438472422,89
Li-Racin,0.614,0.19,0.285,0.69625,0.228,0.146288761904724,89
Wang-Ryzin,0.63,0.216666666666667,0.325,0.70625,0.26,0.138150863197688,89
Ordered Aitchison-Aitken,0.634,0.223333333333333,0.335,0.70875,0.268,0.141223753360134,89
Ordered Li-Racin,0.646,0.243333333333333,0.365,0.71625,0.292,0.140206511882732,89
Linear,0.802,0.75,0.015,0.99875,0.0294117647058824,0.343992834604497,90
RBF,0.802,0.75,0.015,0.99875,0.0294117647058824,0.341597850536745,90
Dirac,0.806,0.607142857142857,0.085,0.98625,0.149122807017544,0.342184825574613,90
k1,0.707,0.325842696629214,0.435,0.775,0.372591006423983,0.354867607414974,90
m3,0.81,0.604166666666667,0.145,0.97625,0.233870967741935,0.344236308410002,90
Aitchison-Aitken,0.649,0.252459016393443,0.385,0.715,0.304950495049505,0.125322144123664,90
Li-Racin,0.616,0.193333333333333,0.29,0.6975,0.232,0.143599684269569,90
Wang-Ryzin,0.624,0.206666666666667,0.31,0.7025,0.248,0.135071153699186,90
Ordered Aitchison-Aitken,0.632,0.22,0.33,0.7075,0.264,0.13890725604955,90
Ordered Li-Racin,0.646,0.243333333333333,0.365,0.71625,0.292,0.142689337265888,90
Linear,0.8,0.5,0.005,0.99875,0.0099009900990099,0.350234505434953,91
RBF,0.801,1,0.005,1,0.00995024875621891,0.372203826670623,91
Dirac,0.792,0.366666666666667,0.055,0.97625,0.0956521739130435,0.332538216068137,91
k1,0.794,0.425,0.085,0.97125,0.141666666666667,0.330583337757229,91
m3,0.794,0.455882352941176,0.155,0.95375,0.23134328358209,0.322644065915843,91
Aitchison-Aitken,0.65,0.25,0.375,0.71875,0.3,0.134989711692873,91
Li-Racin,0.608,0.18,0.27,0.6925,0.216,0.143794002781554,91
Wang-Ryzin,0.616,0.193333333333333,0.29,0.6975,0.232,0.136974841882544,91
Ordered Aitchison-Aitken,0.622,0.203333333333333,0.305,0.70125,0.244,0.137859174051285,91
Ordered Li-Racin,0.63,0.216666666666667,0.325,0.70625,0.26,0.141753890420711,91
Linear,0.801,1,0.005,1,0.00995024875621891,0.309205357227381,92
RBF,0.801,1,0.005,1,0.00995024875621891,0.325096769851063,92
Dirac,0.804,0.571428571428571,0.08,0.985,0.140350877192982,0.331826636564782,92
k1,0.79,0.386363636363636,0.085,0.96625,0.139344262295082,0.324275044900326,92
m3,0.79,0.428571428571429,0.15,0.95,0.222222222222222,0.348976265665759,92
Aitchison-Aitken,0.606,0.176666666666667,0.265,0.69125,0.212,0.150163145672955,92
Li-Racin,0.622,0.203333333333333,0.305,0.70125,0.244,0.139432189013578,92
Wang-Ryzin,0.61,0.183333333333333,0.275,0.69375,0.22,0.139619537627102,92
Ordered Aitchison-Aitken,0.8,NaN,0,1,0,0.138962327907184,92
Ordered Li-Racin,0.616,0.193333333333333,0.29,0.6975,0.232,0.137835991372962,92
Linear,0.801,0.571428571428571,0.02,0.99625,0.0386473429951691,0.288359262564832,93
RBF,0.802,0.666666666666667,0.02,0.9975,0.0388349514563107,0.279949640962225,93
Dirac,0.787,0.324324324324324,0.06,0.96875,0.10126582278481,0.260124037657274,93
k1,0.767,0.246153846153846,0.08,0.93875,0.120754716981132,0.264227343263091,93
m3,0.766,0.276315789473684,0.105,0.93125,0.152173913043478,0.265979699467092,93
Aitchison-Aitken,0.608,0.18,0.27,0.6925,0.216,0.139186699740847,93
Li-Racin,0.658,0.263333333333333,0.395,0.72375,0.316,0.134042675693467,93
Wang-Ryzin,0.64,0.233333333333333,0.35,0.7125,0.28,0.135378298069694,93
Ordered Aitchison-Aitken,0.614,0.19,0.285,0.69625,0.228,0.139976398597041,93
Ordered Li-Racin,0.606,0.176666666666667,0.265,0.69125,0.212,0.14614902099478,93
Linear,0.799,0.4,0.01,0.99625,0.0195121951219512,0.255708395036447,94
RBF,0.801,0.666666666666667,0.01,0.99875,0.0197044334975369,0.272483223080992,94
Dirac,0.788,0.2,0.02,0.98,0.0363636363636364,0.248049895119244,94
k1,0.786,0.181818181818182,0.02,0.9775,0.036036036036036,0.246273569837878,94
m3,0.759,0.219178082191781,0.08,0.92875,0.117216117216117,0.234323462758087,94
Aitchison-Aitken,0.604,0.173333333333333,0.26,0.69,0.208,0.14189130562032,94
Li-Racin,0.62,0.2,0.3,0.7,0.24,0.134591470881048,94
Wang-Ryzin,0.606,0.176666666666667,0.265,0.69125,0.212,0.139903503459104,94
Ordered Aitchison-Aitken,0.648,0.246666666666667,0.37,0.7175,0.296,0.132693017741785,94
Ordered Li-Racin,0.616,0.193333333333333,0.29,0.6975,0.232,0.135872807539648,94
Linear,0.8,0.5,0.01,0.9975,0.0196078431372549,0.277254867767373,95
RBF,0.8,0.5,0.01,0.9975,0.0196078431372549,0.2742280799221,95
Dirac,0.799,0.461538461538462,0.03,0.99125,0.0563380281690141,0.266024104183872,95
k1,0.787,0.341463414634146,0.07,0.96625,0.116182572614108,0.266358875516188,95
m3,0.781,0.338983050847458,0.1,0.95125,0.154440154440154,0.28063680662538,95
Aitchison-Aitken,0.614,0.19,0.285,0.69625,0.228,0.139204469724173,95
Li-Racin,0.626,0.21,0.315,0.70375,0.252,0.135344404928678,95
Wang-Ryzin,0.618,0.196666666666667,0.295,0.69875,0.236,0.142507018734875,95
Ordered Aitchison-Aitken,0.624,0.206666666666667,0.31,0.7025,0.248,0.142013933548283,95
Ordered Li-Racin,0.624,0.206666666666667,0.31,0.7025,0.248,0.133269522500551,95
Linear,0.8,NaN,0,1,0,0.305774016152682,96
RBF,0.796,0.166666666666667,0.005,0.99375,0.00970873786407767,0.279551818613753,96
Dirac,0.791,0.285714285714286,0.03,0.98125,0.0542986425339367,0.286786424794021,96
k1,0.793,0.379310344827586,0.055,0.9775,0.0960698689956332,0.29446770507207,96
m3,0.793,0.436363636363636,0.12,0.96125,0.188235294117647,0.302961800663098,96
Aitchison-Aitken,0.608,0.18,0.27,0.6925,0.216,0.145407047109899,96
Li-Racin,0.616,0.193333333333333,0.29,0.6975,0.232,0.13785033726642,96
Wang-Ryzin,0.62,0.2,0.3,0.7,0.24,0.144027009423727,96
Ordered Aitchison-Aitken,0.62,0.2,0.3,0.7,0.24,0.148835837939495,96
Ordered Li-Racin,0.62,0.2,0.3,0.7,0.24,0.148658305161391,96
Linear,0.801,1,0.005,1,0.00995024875621891,0.323716618463143,97
RBF,0.802,0.75,0.015,0.99875,0.0294117647058824,0.348763551612355,97
Dirac,0.793,0.230769230769231,0.015,0.9875,0.028169014084507,0.305159157283292,97
k1,0.795,0.424242424242424,0.07,0.97625,0.120171673819742,0.301341542150989,97
m3,0.79,0.368421052631579,0.07,0.97,0.117647058823529,0.288415760255374,97
Aitchison-Aitken,0.61,0.1875,0.285,0.69125,0.226190476190476,0.139115581594945,97
Li-Racin,0.614,0.19,0.285,0.69625,0.228,0.143488206609872,97
Wang-Ryzin,0.618,0.196666666666667,0.295,0.69875,0.236,0.132978437941897,97
Ordered Aitchison-Aitken,0.648,0.246666666666667,0.37,0.7175,0.296,0.14061708501993,97
Ordered Li-Racin,0.646,0.243333333333333,0.365,0.71625,0.292,0.143667081989845,97
Linear,0.799,0,0,0.99875,0,0.27272601100573,98
RBF,0.799,0.333333333333333,0.005,0.9975,0.00985221674876847,0.280717057649198,98
Dirac,0.8,0.5,0.02,0.995,0.0384615384615385,0.279849520078396,98
k1,0.788,0.227272727272727,0.025,0.97875,0.045045045045045,0.283477044793176,98
m3,0.754,0.283018867924528,0.15,0.905,0.196078431372549,0.270821807252407,98
Aitchison-Aitken,0.612,0.186666666666667,0.28,0.695,0.224,0.145711952006867,98
Li-Racin,0.606,0.176666666666667,0.265,0.69125,0.212,0.14391235533721,98
Wang-Ryzin,0.618,0.196666666666667,0.295,0.69875,0.236,0.137600628128982,98
Ordered Aitchison-Aitken,0.644,0.24,0.36,0.715,0.288,0.139696495760401,98
Ordered Li-Racin,0.618,0.196666666666667,0.295,0.69875,0.236,0.140701273259453,98
Linear,0.801,0.6,0.015,0.9975,0.0292682926829268,0.32288663743705,99
RBF,0.801,1,0.005,1,0.00995024875621891,0.326826893087874,99
Dirac,0.8,0.5,0.055,0.98625,0.0990990990990991,0.337738230723681,99
k1,0.801,0.517241379310345,0.075,0.9825,0.131004366812227,0.3302145096778,99
m3,0.794,0.442307692307692,0.115,0.96375,0.182539682539683,0.331361859644681,99
Aitchison-Aitken,0.632,0.22,0.33,0.7075,0.264,0.143480527936,99
Li-Racin,0.61,0.183333333333333,0.275,0.69375,0.22,0.139428188555765,99
Wang-Ryzin,0.624,0.206666666666667,0.31,0.7025,0.248,0.138196288483194,99
Ordered Aitchison-Aitken,0.624,0.206666666666667,0.31,0.7025,0.248,0.135729145564741,99
Ordered Li-Racin,0.634,0.223333333333333,0.335,0.70875,0.268,0.141709535649758,99
Linear,0.801,0.571428571428571,0.02,0.99625,0.0386473429951691,0.302793201522751,100
RBF,0.801,0.6,0.015,0.9975,0.0292682926829268,0.30126853360999,100
Dirac,0.797,0.451612903225806,0.07,0.97875,0.121212121212121,0.308484103048111,100
k1,0.798,0.475,0.095,0.97375,0.158333333333333,0.316625113689433,100
m3,0.794,0.442307692307692,0.115,0.96375,0.182539682539683,0.318762014033098,100
Aitchison-Aitken,0.652,0.253333333333333,0.38,0.72,0.304,0.134099136055099,100
Li-Racin,0.634,0.223333333333333,0.335,0.70875,0.268,0.138060513904147,100
Wang-Ryzin,0.598,0.163333333333333,0.245,0.68625,0.196,0.139482282529719,100
Ordered Aitchison-Aitken,0.614,0.19,0.285,0.69625,0.228,0.136426938682136,100
Ordered Li-Racin,0.632,0.22,0.33,0.7075,0.264,0.139470002055774,100
