name,accuracy,precision,sensitivity,specificity,f1Score,aucpr
kMRCD,0.941666666666667,0.837837837837838,0.516666666666667,0.988888888888889,0.639175257731959,0.731377480606286
kMRCD,0.951666666666667,0.816326530612245,0.666666666666667,0.983333333333333,0.73394495412844,0.807708787033985
kMRCD,0.95,0.840909090909091,0.616666666666667,0.987037037037037,0.711538461538462,0.747452038726139
kMRCD,0.913333333333333,0.642857142857143,0.3,0.981481481481482,0.409090909090909,0.540780562166547
kMRCD,0.946666666666667,0.759259259259259,0.683333333333333,0.975925925925926,0.719298245614035,0.767650443941686
kMRCD,0.928333333333333,0.688888888888889,0.516666666666667,0.974074074074074,0.59047619047619,0.578638914486239
kMRCD,0.925,0.714285714285714,0.416666666666667,0.981481481481482,0.526315789473684,0.615170038534116
kMRCD,0.945,0.775510204081633,0.633333333333333,0.97962962962963,0.697247706422018,0.733709931177251
kMRCD,0.926666666666667,0.785714285714286,0.366666666666667,0.988888888888889,0.5,0.663353788171012
kMRCD,0.928333333333333,0.757575757575758,0.416666666666667,0.985185185185185,0.537634408602151,0.720460029352591
kMRCD,0.95,0.777777777777778,0.7,0.977777777777778,0.736842105263158,0.707573601656541
kMRCD,0.948333333333333,0.784313725490196,0.666666666666667,0.97962962962963,0.720720720720721,0.712480138510158
kMRCD,0.933333333333333,0.727272727272727,0.533333333333333,0.977777777777778,0.615384615384615,0.666847396417559
kMRCD,0.931666666666667,0.743589743589744,0.483333333333333,0.981481481481482,0.585858585858586,0.662909687918407
kMRCD,0.936666666666667,0.67741935483871,0.7,0.962962962962963,0.688524590163934,0.684468228068235
kMRCD,0.94,0.785714285714286,0.55,0.983333333333333,0.647058823529412,0.77047619054604
kMRCD,0.945,0.813953488372093,0.583333333333333,0.985185185185185,0.679611650485437,0.789789536744893
kMRCD,0.948333333333333,0.837209302325581,0.6,0.987037037037037,0.699029126213592,0.763403276820633
kMRCD,0.935,0.769230769230769,0.5,0.983333333333333,0.606060606060606,0.698261405219441
kMRCD,0.933333333333333,0.75,0.5,0.981481481481482,0.6,0.734784455365528
kMRCD,0.946666666666667,0.833333333333333,0.583333333333333,0.987037037037037,0.686274509803922,0.766119163267207
kMRCD,0.96,0.790322580645161,0.816666666666667,0.975925925925926,0.80327868852459,0.798293944625287
kMRCD,0.945,0.8,0.6,0.983333333333333,0.685714285714286,0.735250173669688
kMRCD,0.926666666666667,0.766666666666667,0.383333333333333,0.987037037037037,0.511111111111111,0.702024025643726
kMRCD,0.945,0.829268292682927,0.566666666666667,0.987037037037037,0.673267326732673,0.75293595767106
kMRCD,0.936666666666667,0.696428571428571,0.65,0.968518518518519,0.672413793103448,0.762680724195613
kMRCD,0.93,0.8,0.4,0.988888888888889,0.533333333333333,0.66900695490186
kMRCD,0.941666666666667,0.790697674418605,0.566666666666667,0.983333333333333,0.660194174757282,0.758775659242338
kMRCD,0.941666666666667,0.878787878787879,0.483333333333333,0.992592592592593,0.623655913978495,0.781829911491125
kMRCD,0.936666666666667,0.696428571428571,0.65,0.968518518518519,0.672413793103448,0.714836957157265
kMRCD,0.925,0.666666666666667,0.5,0.972222222222222,0.571428571428571,0.648684636418626
kMRCD,0.938333333333333,0.73469387755102,0.6,0.975925925925926,0.660550458715596,0.758172109614404
kMRCD,0.925,0.727272727272727,0.4,0.983333333333333,0.516129032258065,0.656257545968624
kMRCD,0.948333333333333,0.795918367346939,0.65,0.981481481481482,0.715596330275229,0.769524022309769
kMRCD,0.935,0.783783783783784,0.483333333333333,0.985185185185185,0.597938144329897,0.714227991382227
kMRCD,0.926666666666667,0.766666666666667,0.383333333333333,0.987037037037037,0.511111111111111,0.663019458968538
kMRCD,0.941666666666667,0.804878048780488,0.55,0.985185185185185,0.653465346534653,0.718718971257142
kMRCD,0.935,0.818181818181818,0.45,0.988888888888889,0.580645161290323,0.699611683771997
kMRCD,0.951666666666667,0.781818181818182,0.716666666666667,0.977777777777778,0.747826086956522,0.78840629741531
kMRCD,0.953333333333333,0.82,0.683333333333333,0.983333333333333,0.745454545454545,0.819850070993543
kMRCD,0.921666666666667,0.666666666666667,0.433333333333333,0.975925925925926,0.525252525252525,0.633105478960576
kMRCD,0.94,0.760869565217391,0.583333333333333,0.97962962962963,0.660377358490566,0.746490422469281
kMRCD,0.943333333333333,0.795454545454545,0.583333333333333,0.983333333333333,0.673076923076923,0.71566696415261
kMRCD,0.951666666666667,0.829787234042553,0.65,0.985185185185185,0.728971962616822,0.751263497417856
kMRCD,0.928333333333333,0.72972972972973,0.45,0.981481481481482,0.556701030927835,0.626463010242847
kMRCD,0.936666666666667,0.671875,0.716666666666667,0.961111111111111,0.693548387096774,0.704091235577826
kMRCD,0.95,0.857142857142857,0.6,0.988888888888889,0.705882352941177,0.807697102326235
kMRCD,0.953333333333333,0.847826086956522,0.65,0.987037037037037,0.735849056603774,0.818699180268124
kMRCD,0.946666666666667,0.791666666666667,0.633333333333333,0.981481481481482,0.703703703703704,0.776551726124146
kMRCD,0.933333333333333,0.717391304347826,0.55,0.975925925925926,0.622641509433962,0.68500748927757
kMRCD,0.921666666666667,0.658536585365854,0.45,0.974074074074074,0.534653465346535,0.62791647999521
kMRCD,0.93,0.78125,0.416666666666667,0.987037037037037,0.543478260869565,0.684600561376254
kMRCD,0.938333333333333,0.896551724137931,0.433333333333333,0.994444444444444,0.584269662921348,0.745304016521879
kMRCD,0.94,0.772727272727273,0.566666666666667,0.981481481481482,0.653846153846154,0.726912521175813
kMRCD,0.921666666666667,0.658536585365854,0.45,0.974074074074074,0.534653465346535,0.660846258242452
kMRCD,0.95,0.788461538461538,0.683333333333333,0.97962962962963,0.732142857142857,0.801553377221142
kMRCD,0.935,0.769230769230769,0.5,0.983333333333333,0.606060606060606,0.758800980399282
kMRCD,0.926666666666667,0.710526315789474,0.45,0.97962962962963,0.551020408163265,0.661052198908981
kMRCD,0.936666666666667,0.683333333333333,0.683333333333333,0.964814814814815,0.683333333333333,0.742472840379953
kMRCD,0.951666666666667,0.86046511627907,0.616666666666667,0.988888888888889,0.718446601941748,0.815732294237902
kMRCD,0.94,0.785714285714286,0.55,0.983333333333333,0.647058823529412,0.748800015731686
kMRCD,0.941666666666667,0.735849056603774,0.65,0.974074074074074,0.690265486725664,0.708398241590703
kMRCD,0.935,0.690909090909091,0.633333333333333,0.968518518518519,0.660869565217391,0.640171833304295
kMRCD,0.938333333333333,0.725490196078431,0.616666666666667,0.974074074074074,0.666666666666667,0.765711628919784
kMRCD,0.935,0.783783783783784,0.483333333333333,0.985185185185185,0.597938144329897,0.674794538215102
kMRCD,0.936666666666667,0.75,0.55,0.97962962962963,0.634615384615385,0.713760149153498
kMRCD,0.936666666666667,0.75,0.55,0.97962962962963,0.634615384615385,0.714064813424694
kMRCD,0.943333333333333,0.80952380952381,0.566666666666667,0.985185185185185,0.666666666666667,0.719541456145407
kMRCD,0.921666666666667,0.76,0.316666666666667,0.988888888888889,0.447058823529412,0.59431156584648
kMRCD,0.94,0.760869565217391,0.583333333333333,0.97962962962963,0.660377358490566,0.733613567398922
kMRCD,0.938333333333333,0.870967741935484,0.45,0.992592592592593,0.593406593406593,0.737279497292415
kMRCD,0.93,0.714285714285714,0.5,0.977777777777778,0.588235294117647,0.644629137794912
kMRCD,0.923333333333333,0.64,0.533333333333333,0.966666666666667,0.581818181818182,0.639981552502996
kMRCD,0.946666666666667,0.868421052631579,0.55,0.990740740740741,0.673469387755102,0.75929267376473
kMRCD,0.945,0.864864864864865,0.533333333333333,0.990740740740741,0.65979381443299,0.745393677511515
kMRCD,0.938333333333333,0.810810810810811,0.5,0.987037037037037,0.618556701030928,0.763886894833928
kMRCD,0.943333333333333,0.75,0.65,0.975925925925926,0.696428571428571,0.707606484145026
kMRCD,0.928333333333333,0.72972972972973,0.45,0.981481481481482,0.556701030927835,0.666733693302816
kMRCD,0.945,0.846153846153846,0.55,0.988888888888889,0.666666666666667,0.722056114454395
kMRCD,0.94,0.785714285714286,0.55,0.983333333333333,0.647058823529412,0.732921232813615
kMRCD,0.926666666666667,0.69047619047619,0.483333333333333,0.975925925925926,0.568627450980392,0.643692629382454
kMRCD,0.948333333333333,0.837209302325581,0.6,0.987037037037037,0.699029126213592,0.726761431683285
kMRCD,0.943333333333333,0.732142857142857,0.683333333333333,0.972222222222222,0.706896551724138,0.713428921973582
kMRCD,0.951666666666667,0.844444444444444,0.633333333333333,0.987037037037037,0.723809523809524,0.736852351164726
kMRCD,0.943333333333333,0.795454545454545,0.583333333333333,0.983333333333333,0.673076923076923,0.789967193929751
kMRCD,0.941666666666667,0.82051282051282,0.533333333333333,0.987037037037037,0.646464646464647,0.712616595105571
kMRCD,0.95,0.894736842105263,0.566666666666667,0.992592592592593,0.693877551020408,0.800198513907515
kMRCD,0.946666666666667,0.818181818181818,0.6,0.985185185185185,0.692307692307692,0.77947497531064
kMRCD,0.933333333333333,0.857142857142857,0.4,0.992592592592593,0.545454545454545,0.694668321965903
kMRCD,0.926666666666667,0.710526315789474,0.45,0.97962962962963,0.551020408163265,0.636101015554642
kMRCD,0.94,0.722222222222222,0.65,0.972222222222222,0.684210526315789,0.740506147793403
kMRCD,0.94,0.8,0.533333333333333,0.985185185185185,0.64,0.659888163812663
kMRCD,0.945,0.885714285714286,0.516666666666667,0.992592592592593,0.652631578947368,0.789115009541998
kMRCD,0.931666666666667,0.787878787878788,0.433333333333333,0.987037037037037,0.559139784946237,0.67702082541149
kMRCD,0.926666666666667,0.621212121212121,0.683333333333333,0.953703703703704,0.650793650793651,0.670874339340499
kMRCD,0.946666666666667,0.769230769230769,0.666666666666667,0.977777777777778,0.714285714285714,0.718757187808822
kMRCD,0.94,0.75,0.6,0.977777777777778,0.666666666666667,0.777400210806909
kMRCD,0.923333333333333,0.71875,0.383333333333333,0.983333333333333,0.5,0.662620950051018
kMRCD,0.921666666666667,0.709677419354839,0.366666666666667,0.983333333333333,0.483516483516484,0.613329628243634
kMRCD,0.926666666666667,0.7,0.466666666666667,0.977777777777778,0.56,0.605325265986589
lof,0.8,0.333333333333333,1,0.777777777777778,0.5,0.982791292085316
lof,0.8,0.333333333333333,1,0.777777777777778,0.5,0.982511160258574
lof,0.8,0.333333333333333,1,0.777777777777778,0.5,0.983333333333333
lof,0.8,0.333333333333333,1,0.777777777777778,0.5,0.971310474882101
lof,0.8,0.333333333333333,1,0.777777777777778,0.5,0.983057832422586
lof,0.8,0.333333333333333,1,0.777777777777778,0.5,0.979609686017795
lof,0.8,0.333333333333333,1,0.777777777777778,0.5,0.982240290263823
lof,0.8,0.333333333333333,1,0.777777777777778,0.5,0.981341029138929
lof,0.8,0.333333333333333,1,0.777777777777778,0.5,0.961971788228601
lof,0.8,0.333333333333333,1,0.777777777777778,0.5,0.977430398892323
lof,0.8,0.333333333333333,1,0.777777777777778,0.5,0.983057832422586
lof,0.8,0.333333333333333,1,0.777777777777778,0.5,0.976464093568177
lof,0.8,0.333333333333333,1,0.777777777777778,0.5,0.978627950644795
lof,0.8,0.333333333333333,1,0.777777777777778,0.5,0.978985339506173
lof,0.8,0.333333333333333,1,0.777777777777778,0.5,0.974415412504153
lof,0.8,0.333333333333333,1,0.777777777777778,0.5,0.980935127674258
lof,0.8,0.333333333333333,1,0.777777777777778,0.5,0.981907894151524
lof,0.8,0.333333333333333,1,0.777777777777778,0.5,0.979558717577954
lof,0.8,0.333333333333333,1,0.777777777777778,0.5,0.980082495089977
lof,0.8,0.333333333333333,1,0.777777777777778,0.5,0.983333333333333
lof,0.8,0.333333333333333,1,0.777777777777778,0.5,0.973549259215269
lof,0.8,0.333333333333333,1,0.777777777777778,0.5,0.977439573451218
lof,0.8,0.333333333333333,1,0.777777777777778,0.5,0.978607450852271
lof,0.8,0.333333333333333,1,0.777777777777778,0.5,0.977906540330821
lof,0.8,0.333333333333333,1,0.777777777777778,0.5,0.981907894151524
lof,0.8,0.333333333333333,1,0.777777777777778,0.5,0.980230970495037
lof,0.8,0.333333333333333,1,0.777777777777778,0.5,0.982041266025641
lof,0.8,0.333333333333333,1,0.777777777777778,0.5,0.980006958768833
lof,0.8,0.333333333333333,1,0.777777777777778,0.5,0.981185416500101
lof,0.8,0.333333333333333,1,0.777777777777778,0.5,0.981422016655079
lof,0.8,0.333333333333333,1,0.777777777777778,0.5,0.98028850571828
lof,0.8,0.333333333333333,1,0.777777777777778,0.5,0.983333333333333
lof,0.8,0.333333333333333,1,0.777777777777778,0.5,0.981157599559304
lof,0.8,0.333333333333333,1,0.777777777777778,0.5,0.979424728265241
lof,0.8,0.333333333333333,1,0.777777777777778,0.5,0.982253150303314
lof,0.8,0.333333333333333,1,0.777777777777778,0.5,0.979498563829124
lof,0.8,0.333333333333333,1,0.777777777777778,0.5,0.97902559804014
lof,0.8,0.333333333333333,1,0.777777777777778,0.5,0.978351261816848
lof,0.8,0.333333333333333,1,0.777777777777778,0.5,0.983333333333333
lof,0.8,0.333333333333333,1,0.777777777777778,0.5,0.979508762518597
lof,0.8,0.333333333333333,1,0.777777777777778,0.5,0.978307112989498
lof,0.8,0.333333333333333,1,0.777777777777778,0.5,0.97560385560351
lof,0.8,0.333333333333333,1,0.777777777777778,0.5,0.980850413813711
lof,0.8,0.333333333333333,1,0.777777777777778,0.5,0.977887356535375
lof,0.8,0.333333333333333,1,0.777777777777778,0.5,0.977323284401922
lof,0.8,0.333333333333333,1,0.777777777777778,0.5,0.974219565179404
lof,0.8,0.333333333333333,1,0.777777777777778,0.5,0.979150514919503
lof,0.8,0.333333333333333,1,0.777777777777778,0.5,0.983333333333333
lof,0.8,0.333333333333333,1,0.777777777777778,0.5,0.98089371752579
lof,0.8,0.333333333333333,1,0.777777777777778,0.5,0.982240290263823
lof,0.8,0.333333333333333,1,0.777777777777778,0.5,0.975116845951737
lof,0.8,0.333333333333333,1,0.777777777777778,0.5,0.975441884861047
lof,0.8,0.333333333333333,1,0.777777777777778,0.5,0.980506313049748
lof,0.8,0.333333333333333,1,0.777777777777778,0.5,0.983333333333333
lof,0.8,0.333333333333333,1,0.777777777777778,0.5,0.977075499158304
lof,0.8,0.333333333333333,1,0.777777777777778,0.5,0.974042266479282
lof,0.8,0.333333333333333,1,0.777777777777778,0.5,0.983057832422586
lof,0.8,0.333333333333333,1,0.777777777777778,0.5,0.979307632875472
lof,0.8,0.333333333333333,1,0.777777777777778,0.5,0.98195536916505
lof,0.8,0.333333333333333,1,0.777777777777778,0.5,0.983333333333333
lof,0.8,0.333333333333333,1,0.777777777777778,0.5,0.978232464456433
lof,0.8,0.333333333333333,1,0.777777777777778,0.5,0.983057832422586
lof,0.8,0.333333333333333,1,0.777777777777778,0.5,0.978624755036079
lof,0.8,0.333333333333333,1,0.777777777777778,0.5,0.982777700595844
lof,0.8,0.333333333333333,1,0.777777777777778,0.5,0.972032116486814
lof,0.8,0.333333333333333,1,0.777777777777778,0.5,0.976790083350701
lof,0.8,0.333333333333333,1,0.777777777777778,0.5,0.974200749335478
lof,0.8,0.333333333333333,1,0.777777777777778,0.5,0.978799538985018
lof,0.8,0.333333333333333,1,0.777777777777778,0.5,0.980465629352443
lof,0.8,0.333333333333333,1,0.777777777777778,0.5,0.975123592107811
lof,0.8,0.333333333333333,1,0.777777777777778,0.5,0.981476213100126
lof,0.8,0.333333333333333,1,0.777777777777778,0.5,0.971164699095498
lof,0.8,0.333333333333333,1,0.777777777777778,0.5,0.979582791440541
lof,0.8,0.333333333333333,1,0.777777777777778,0.5,0.980870079613218
lof,0.8,0.333333333333333,1,0.777777777777778,0.5,0.981133461199837
lof,0.8,0.333333333333333,1,0.777777777777778,0.5,0.983333333333333
lof,0.8,0.333333333333333,1,0.777777777777778,0.5,0.969601027489843
lof,0.8,0.333333333333333,1,0.777777777777778,0.5,0.980158583240775
lof,0.8,0.333333333333333,1,0.777777777777778,0.5,0.983057832422586
lof,0.8,0.333333333333333,1,0.777777777777778,0.5,0.983057832422586
lof,0.8,0.333333333333333,1,0.777777777777778,0.5,0.983057832422586
lof,0.8,0.333333333333333,1,0.777777777777778,0.5,0.979907653354462
lof,0.8,0.333333333333333,1,0.777777777777778,0.5,0.98001897006777
lof,0.8,0.333333333333333,1,0.777777777777778,0.5,0.982777700595844
lof,0.8,0.333333333333333,1,0.777777777777778,0.5,0.979232637441516
lof,0.8,0.333333333333333,1,0.777777777777778,0.5,0.980863303808382
lof,0.8,0.333333333333333,1,0.777777777777778,0.5,0.981172133995922
lof,0.8,0.333333333333333,1,0.777777777777778,0.5,0.979682403766438
lof,0.8,0.333333333333333,1,0.777777777777778,0.5,0.980723639307703
lof,0.8,0.333333333333333,1,0.777777777777778,0.5,0.976614357193487
lof,0.8,0.333333333333333,1,0.777777777777778,0.5,0.979902345965358
lof,0.8,0.333333333333333,1,0.777777777777778,0.5,0.982202902505743
lof,0.8,0.333333333333333,1,0.777777777777778,0.5,0.980850413813711
lof,0.8,0.333333333333333,1,0.777777777777778,0.5,0.98195536916505
lof,0.8,0.333333333333333,1,0.777777777777778,0.5,0.982240290263823
lof,0.8,0.333333333333333,1,0.777777777777778,0.5,0.978174170999456
lof,0.8,0.333333333333333,1,0.777777777777778,0.5,0.983333333333333
lof,0.8,0.333333333333333,1,0.777777777777778,0.5,0.980794816589466
lof,0.8,0.333333333333333,1,0.777777777777778,0.5,0.982253150303314
lof,0.8,0.333333333333333,1,0.777777777777778,0.5,0.970666751814545
iforest,0.805,0.338983050847458,1,0.783333333333333,0.506329113924051,0.91500970303024
iforest,0.808333333333333,0.342857142857143,1,0.787037037037037,0.51063829787234,0.930147043272574
iforest,0.803333333333333,0.337078651685393,1,0.781481481481481,0.504201680672269,0.956179836828896
iforest,0.805,0.338983050847458,1,0.783333333333333,0.506329113924051,0.861874118760434
iforest,0.8,0.333333333333333,1,0.777777777777778,0.5,0.92800343266428
iforest,0.801666666666667,0.335195530726257,1,0.77962962962963,0.502092050209205,0.889539676776113
iforest,0.811666666666667,0.346820809248555,1,0.790740740740741,0.515021459227468,0.936279679810507
iforest,0.801666666666667,0.335195530726257,1,0.77962962962963,0.502092050209205,0.941165523047221
iforest,0.801666666666667,0.335195530726257,1,0.77962962962963,0.502092050209205,0.86773357740876
iforest,0.8,0.333333333333333,1,0.777777777777778,0.5,0.901366059029344
iforest,0.801666666666667,0.335195530726257,1,0.77962962962963,0.502092050209205,0.942887779887061
iforest,0.805,0.338983050847458,1,0.783333333333333,0.506329113924051,0.860249095539211
iforest,0.806666666666667,0.340909090909091,1,0.785185185185185,0.508474576271186,0.93272669064849
iforest,0.801666666666667,0.335195530726257,1,0.77962962962963,0.502092050209205,0.930588463724487
iforest,0.8,0.333333333333333,1,0.777777777777778,0.5,0.862249021228721
iforest,0.805,0.338983050847458,1,0.783333333333333,0.506329113924051,0.932127732028364
iforest,0.803333333333333,0.337078651685393,1,0.781481481481481,0.504201680672269,0.95940400146673
iforest,0.801666666666667,0.335195530726257,1,0.77962962962963,0.502092050209205,0.877319585265001
iforest,0.806666666666667,0.340909090909091,1,0.785185185185185,0.508474576271186,0.916835742479089
iforest,0.803333333333333,0.337078651685393,1,0.781481481481481,0.504201680672269,0.956052070402327
iforest,0.813333333333333,0.348837209302326,1,0.792592592592593,0.517241379310345,0.953303295281369
iforest,0.803333333333333,0.337078651685393,1,0.781481481481481,0.504201680672269,0.917867516083244
iforest,0.805,0.338983050847458,1,0.783333333333333,0.506329113924051,0.889256332887791
iforest,0.805,0.338983050847458,1,0.783333333333333,0.506329113924051,0.903316311380964
iforest,0.803333333333333,0.337078651685393,1,0.781481481481481,0.504201680672269,0.922948438548126
iforest,0.803333333333333,0.337078651685393,1,0.781481481481481,0.504201680672269,0.894999205372872
iforest,0.801666666666667,0.335195530726257,1,0.77962962962963,0.502092050209205,0.943073491400031
iforest,0.805,0.338983050847458,1,0.783333333333333,0.506329113924051,0.924428730992436
iforest,0.805,0.338983050847458,1,0.783333333333333,0.506329113924051,0.949280525301535
iforest,0.801666666666667,0.335195530726257,1,0.77962962962963,0.502092050209205,0.918502840781367
iforest,0.801666666666667,0.335195530726257,1,0.77962962962963,0.502092050209205,0.947858430577458
iforest,0.801666666666667,0.335195530726257,1,0.77962962962963,0.502092050209205,0.963497886437223
iforest,0.806666666666667,0.340909090909091,1,0.785185185185185,0.508474576271186,0.898052073207681
iforest,0.805,0.338983050847458,1,0.783333333333333,0.506329113924051,0.931980939006704
iforest,0.8,0.333333333333333,1,0.777777777777778,0.5,0.932348352526745
iforest,0.8,0.333333333333333,1,0.777777777777778,0.5,0.931157799270434
iforest,0.8,0.333333333333333,1,0.777777777777778,0.5,0.940134082002431
iforest,0.798333333333333,0.329608938547486,0.983333333333333,0.777777777777778,0.493723849372385,0.924811630425934
iforest,0.8,0.333333333333333,1,0.777777777777778,0.5,0.926427221560098
iforest,0.805,0.338983050847458,1,0.783333333333333,0.506329113924051,0.914827758425481
iforest,0.8,0.333333333333333,1,0.777777777777778,0.5,0.88657548246361
iforest,0.801666666666667,0.335195530726257,1,0.77962962962963,0.502092050209205,0.902880200410451
iforest,0.803333333333333,0.337078651685393,1,0.781481481481481,0.504201680672269,0.926372617149059
iforest,0.8,0.333333333333333,1,0.777777777777778,0.5,0.936129864342326
iforest,0.808333333333333,0.341040462427746,0.983333333333333,0.788888888888889,0.506437768240343,0.873172707894753
iforest,0.795,0.324022346368715,0.966666666666667,0.775925925925926,0.485355648535565,0.919552142049256
iforest,0.801666666666667,0.335195530726257,1,0.77962962962963,0.502092050209205,0.93159698565788
iforest,0.801666666666667,0.335195530726257,1,0.77962962962963,0.502092050209205,0.907073180358233
iforest,0.8,0.333333333333333,1,0.777777777777778,0.5,0.929169523879552
iforest,0.801666666666667,0.335195530726257,1,0.77962962962963,0.502092050209205,0.931634330175907
iforest,0.8,0.333333333333333,1,0.777777777777778,0.5,0.891500046999003
iforest,0.803333333333333,0.337078651685393,1,0.781481481481481,0.504201680672269,0.936363997220066
iforest,0.796666666666667,0.327777777777778,0.983333333333333,0.775925925925926,0.491666666666667,0.952325145839547
iforest,0.8,0.333333333333333,1,0.777777777777778,0.5,0.943417717102488
iforest,0.801666666666667,0.335195530726257,1,0.77962962962963,0.502092050209205,0.906555650099836
iforest,0.803333333333333,0.337078651685393,1,0.781481481481481,0.504201680672269,0.925479524830937
iforest,0.801666666666667,0.335195530726257,1,0.77962962962963,0.502092050209205,0.936824844025388
iforest,0.8,0.333333333333333,1,0.777777777777778,0.5,0.878012565505747
iforest,0.805,0.338983050847458,1,0.783333333333333,0.506329113924051,0.95126221107203
iforest,0.798333333333333,0.329608938547486,0.983333333333333,0.777777777777778,0.493723849372385,0.939777596413705
iforest,0.8,0.333333333333333,1,0.777777777777778,0.5,0.928606712920444
iforest,0.801666666666667,0.335195530726257,1,0.77962962962963,0.502092050209205,0.933250320453436
iforest,0.806666666666667,0.340909090909091,1,0.785185185185185,0.508474576271186,0.926459554103292
iforest,0.801666666666667,0.335195530726257,1,0.77962962962963,0.502092050209205,0.917941576916966
iforest,0.803333333333333,0.337078651685393,1,0.781481481481481,0.504201680672269,0.924671780682767
iforest,0.8,0.333333333333333,1,0.777777777777778,0.5,0.875919242136586
iforest,0.8,0.333333333333333,1,0.777777777777778,0.5,0.932843264416956
iforest,0.8,0.333333333333333,1,0.777777777777778,0.5,0.894165026229732
iforest,0.796666666666667,0.327777777777778,0.983333333333333,0.775925925925926,0.491666666666667,0.906720399161832
iforest,0.8,0.333333333333333,1,0.777777777777778,0.5,0.899968899707996
iforest,0.806666666666667,0.340909090909091,1,0.785185185185185,0.508474576271186,0.913393836945927
iforest,0.798333333333333,0.329608938547486,0.983333333333333,0.777777777777778,0.493723849372385,0.894470948271983
iforest,0.801666666666667,0.335195530726257,1,0.77962962962963,0.502092050209205,0.891334545880757
iforest,0.803333333333333,0.337078651685393,1,0.781481481481481,0.504201680672269,0.899770318499039
iforest,0.803333333333333,0.337078651685393,1,0.781481481481481,0.504201680672269,0.941510928205548
iforest,0.8,0.333333333333333,1,0.777777777777778,0.5,0.960856249436004
iforest,0.803333333333333,0.335227272727273,0.983333333333333,0.783333333333333,0.5,0.906470895885804
iforest,0.805,0.338983050847458,1,0.783333333333333,0.506329113924051,0.932756513933889
iforest,0.805,0.338983050847458,1,0.783333333333333,0.506329113924051,0.95391915191911
iforest,0.796666666666667,0.327777777777778,0.983333333333333,0.775925925925926,0.491666666666667,0.896690750225941
iforest,0.801666666666667,0.335195530726257,1,0.77962962962963,0.502092050209205,0.950456818287664
iforest,0.801666666666667,0.335195530726257,1,0.77962962962963,0.502092050209205,0.847086659996152
iforest,0.8,0.333333333333333,1,0.777777777777778,0.5,0.888607775303281
iforest,0.803333333333333,0.337078651685393,1,0.781481481481481,0.504201680672269,0.914860970277471
iforest,0.806666666666667,0.340909090909091,1,0.785185185185185,0.508474576271186,0.951559271273792
iforest,0.801666666666667,0.335195530726257,1,0.77962962962963,0.502092050209205,0.944190872622071
iforest,0.8,0.333333333333333,1,0.777777777777778,0.5,0.951027136561059
iforest,0.806666666666667,0.340909090909091,1,0.785185185185185,0.508474576271186,0.955546203325766
iforest,0.803333333333333,0.337078651685393,1,0.781481481481481,0.504201680672269,0.913542576870378
iforest,0.8,0.333333333333333,1,0.777777777777778,0.5,0.880359750663692
iforest,0.8,0.333333333333333,1,0.777777777777778,0.5,0.923070349237107
iforest,0.8,0.333333333333333,1,0.777777777777778,0.5,0.911972188900699
iforest,0.8,0.331460674157303,0.983333333333333,0.77962962962963,0.495798319327731,0.935956827084117
iforest,0.8,0.333333333333333,1,0.777777777777778,0.5,0.947761129133401
iforest,0.801666666666667,0.335195530726257,1,0.77962962962963,0.502092050209205,0.923440381115787
iforest,0.8,0.333333333333333,1,0.777777777777778,0.5,0.90474475919438
iforest,0.803333333333333,0.337078651685393,1,0.781481481481481,0.504201680672269,0.937930878372987
iforest,0.805,0.338983050847458,1,0.783333333333333,0.506329113924051,0.898915837538499
iforest,0.803333333333333,0.337078651685393,1,0.781481481481481,0.504201680672269,0.856699873986897
iforest,0.796666666666667,0.327777777777778,0.983333333333333,0.775925925925926,0.491666666666667,0.895156477621708
robustcov,0.9,NaN,0,1,0,0
robustcov,0.9,NaN,0,1,0,0
robustcov,0.9,NaN,0,1,0,0
robustcov,0.9,NaN,0,1,0,0
robustcov,0.9,NaN,0,1,0,0
robustcov,0.9,NaN,0,1,0,0
robustcov,0.9,NaN,0,1,0,0
robustcov,0.9,NaN,0,1,0,0
robustcov,0.9,NaN,0,1,0,0
robustcov,0.9,NaN,0,1,0,0
robustcov,0.9,NaN,0,1,0,0
robustcov,0.9,NaN,0,1,0,0
robustcov,0.9,NaN,0,1,0,0
robustcov,0.9,NaN,0,1,0,0
robustcov,0.9,NaN,0,1,0,0
robustcov,0.913333333333333,0.535714285714286,1,0.903703703703704,0.697674418604651,0.983333333333333
robustcov,0.9,NaN,0,1,0,0
robustcov,0.9,NaN,0,1,0,0
robustcov,0.9,NaN,0,1,0,0
robustcov,0.9,NaN,0,1,0,0
robustcov,0.9,NaN,0,1,0,0
robustcov,0.9,NaN,0,1,0,0
robustcov,0.9,NaN,0,1,0,0
robustcov,0.9,NaN,0,1,0,0
robustcov,0.9,NaN,0,1,0,0
robustcov,0.9,NaN,0,1,0,0
robustcov,0.9,NaN,0,1,0,0
robustcov,0.9,NaN,0,1,0,0
robustcov,0.9,NaN,0,1,0,0
robustcov,0.9,NaN,0,1,0,0
robustcov,0.9,NaN,0,1,0,0
robustcov,0.9,NaN,0,1,0,0
robustcov,0.9,NaN,0,1,0,0
robustcov,0.926666666666667,0.576923076923077,1,0.918518518518519,0.731707317073171,0.983333333333333
robustcov,0.9,NaN,0,1,0,0
robustcov,0.9,NaN,0,1,0,0
robustcov,0.9,NaN,0,1,0,0
robustcov,0.9,NaN,0,1,0,0
robustcov,0.9,NaN,0,1,0,0
robustcov,0.9,NaN,0,1,0,0
robustcov,0.9,NaN,0,1,0,0
robustcov,0.9,NaN,0,1,0,0
robustcov,0.9,NaN,0,1,0,0
robustcov,0.9,NaN,0,1,0,0
robustcov,0.9,NaN,0,1,0,0
robustcov,0.9,NaN,0,1,0,0
robustcov,0.9,NaN,0,1,0,0
robustcov,0.9,NaN,0,1,0,0
robustcov,0.9,NaN,0,1,0,0
robustcov,0.9,NaN,0,1,0,0
robustcov,0.9,NaN,0,1,0,0
robustcov,0.9,NaN,0,1,0,0
robustcov,0.9,NaN,0,1,0,0
robustcov,0.9,NaN,0,1,0,0
robustcov,0.9,NaN,0,1,0,0
robustcov,0.9,NaN,0,1,0,0
robustcov,0.9,NaN,0,1,0,0
robustcov,0.9,NaN,0,1,0,0
robustcov,0.9,NaN,0,1,0,0
robustcov,0.9,NaN,0,1,0,0
robustcov,0.915,0.540540540540541,1,0.905555555555556,0.701754385964912,0.983333333333333
robustcov,0.9,NaN,0,1,0,0
robustcov,0.9,NaN,0,1,0,0
robustcov,0.9,NaN,0,1,0,0
robustcov,0.9,NaN,0,1,0,0
robustcov,0.9,NaN,0,1,0,0
robustcov,0.9,NaN,0,1,0,0
robustcov,0.9,NaN,0,1,0,0
robustcov,0.9,NaN,0,1,0,0
robustcov,0.9,NaN,0,1,0,0
robustcov,0.9,NaN,0,1,0,0
robustcov,0.9,NaN,0,1,0,0
robustcov,0.9,NaN,0,1,0,0
robustcov,0.9,NaN,0,1,0,0
robustcov,0.9,NaN,0,1,0,0
robustcov,0.9,NaN,0,1,0,0
robustcov,0.9,NaN,0,1,0,0
robustcov,0.9,NaN,0,1,0,0
robustcov,0.9,NaN,0,1,0,0
robustcov,0.9,NaN,0,1,0,0
robustcov,0.9,NaN,0,1,0,0
robustcov,0.9,NaN,0,1,0,0
robustcov,0.9,NaN,0,1,0,0
robustcov,0.9,NaN,0,1,0,0
robustcov,0.9,NaN,0,1,0,0
robustcov,0.9,NaN,0,1,0,0
robustcov,0.951666666666667,0.674157303370786,1,0.946296296296296,0.805369127516778,0.983333333333333
robustcov,0.9,NaN,0,1,0,0
robustcov,0.9,NaN,0,1,0,0
robustcov,0.9,NaN,0,1,0,0
robustcov,0.9,NaN,0,1,0,0
robustcov,0.9,NaN,0,1,0,0
robustcov,0.9,NaN,0,1,0,0
robustcov,0.9,NaN,0,1,0,0
robustcov,0.9,NaN,0,1,0,0
robustcov,0.9,NaN,0,1,0,0
robustcov,0.9,NaN,0,1,0,0
robustcov,0.9,NaN,0,1,0,0
robustcov,0.9,NaN,0,1,0,0
robustcov,0.9,NaN,0,1,0,0
